DATE,CPIAUCSL,INDPRO,DGS3MO,WTISPLC_PCH,USD3MTD156N,HOUST_PCH
1919-01-01,.,5.0124,.,.,.,.
1919-02-01,.,4.7908,.,.,.,.
1919-03-01,.,4.6524,.,.,.,.
1919-04-01,.,4.7355,.,.,.,.
1919-05-01,.,4.7632,.,.,.,.
1919-06-01,.,5.0678,.,.,.,.
1919-07-01,.,5.3724,.,.,.,.
1919-08-01,.,5.4555,.,.,.,.
1919-09-01,.,5.3447,.,.,.,.
1919-10-01,.,5.2893,.,.,.,.
1919-11-01,.,5.2062,.,.,.,.
1919-12-01,.,5.2893,.,.,.,.
1920-01-01,.,5.7878,.,.,.,.
1920-02-01,.,5.7878,.,.,.,.
1920-03-01,.,5.6770,.,.,.,.
1920-04-01,.,5.3724,.,.,.,.
1920-05-01,.,5.5109,.,.,.,.
1920-06-01,.,5.5663,.,.,.,.
1920-07-01,.,5.4278,.,.,.,.
1920-08-01,.,5.4555,.,.,.,.
1920-09-01,.,5.2616,.,.,.,.
1920-10-01,.,5.0401,.,.,.,.
1920-11-01,.,4.6247,.,.,.,.
1920-12-01,.,4.3478,.,.,.,.
1921-01-01,.,4.0985,.,.,.,.
1921-02-01,.,4.0155,.,.,.,.
1921-03-01,.,3.9047,.,.,.,.
1921-04-01,.,3.9047,.,.,.,.
1921-05-01,.,4.0155,.,.,.,.
1921-06-01,.,3.9878,.,.,.,.
1921-07-01,.,3.9601,.,.,.,.
1921-08-01,.,4.0985,.,.,.,.
1921-09-01,.,4.1262,.,.,.,.
1921-10-01,.,4.3755,.,.,.,.
1921-11-01,.,4.3201,.,.,.,.
1921-12-01,.,4.2924,.,.,.,.
1922-01-01,.,4.4585,.,.,.,.
1922-02-01,.,4.6524,.,.,.,.
1922-03-01,.,4.9016,.,.,.,.
1922-04-01,.,4.7355,.,.,.,.
1922-05-01,.,4.9847,.,.,.,.
1922-06-01,.,5.2339,.,.,.,.
1922-07-01,.,5.2339,.,.,.,.
1922-08-01,.,5.1232,.,.,.,.
1922-09-01,.,5.4001,.,.,.,.
1922-10-01,.,5.7047,.,.,.,.
1922-11-01,.,5.9539,.,.,.,.
1922-12-01,.,6.1201,.,.,.,.
1923-01-01,.,5.9816,.,.,.,.
1923-02-01,.,6.0647,.,.,.,.
1923-03-01,.,6.2586,.,.,.,.
1923-04-01,.,6.3970,.,.,.,.
1923-05-01,.,6.4801,.,.,.,.
1923-06-01,.,6.4247,.,.,.,.
1923-07-01,.,6.3693,.,.,.,.
1923-08-01,.,6.2586,.,.,.,.
1923-09-01,.,6.1201,.,.,.,.
1923-10-01,.,6.0924,.,.,.,.
1923-11-01,.,6.0924,.,.,.,.
1923-12-01,.,5.9539,.,.,.,.
1924-01-01,.,6.0924,.,.,.,.
1924-02-01,.,6.2032,.,.,.,.
1924-03-01,.,6.0924,.,.,.,.
1924-04-01,.,5.8986,.,.,.,.
1924-05-01,.,5.6493,.,.,.,.
1924-06-01,.,5.4001,.,.,.,.
1924-07-01,.,5.3170,.,.,.,.
1924-08-01,.,5.5109,.,.,.,.
1924-09-01,.,5.7047,.,.,.,.
1924-10-01,.,5.8432,.,.,.,.
1924-11-01,.,5.9540,.,.,.,.
1924-12-01,.,6.1201,.,.,.,.
1925-01-01,.,6.3140,.,.,.,.
1925-02-01,.,6.3140,.,.,.,.
1925-03-01,.,6.3140,.,.,.,.
1925-04-01,.,6.3693,.,.,.,.
1925-05-01,.,6.3416,.,.,.,.
1925-06-01,.,6.2863,.,.,.,.
1925-07-01,.,6.4524,.,.,.,.
1925-08-01,.,6.3416,.,.,.,.
1925-09-01,.,6.2586,.,.,.,.
1925-10-01,.,6.5078,.,.,.,.
1925-11-01,.,6.6463,.,.,.,.
1925-12-01,.,6.7293,.,.,.,.
1926-01-01,.,6.6186,.,.,.,.
1926-02-01,.,6.6186,.,.,.,.
1926-03-01,.,6.7017,.,.,.,.
1926-04-01,.,6.7017,.,.,.,.
1926-05-01,.,6.6463,.,.,.,.
1926-06-01,.,6.7293,.,.,.,.
1926-07-01,.,6.7570,.,.,.,.
1926-08-01,.,6.8401,.,.,.,.
1926-09-01,.,6.9509,.,.,.,.
1926-10-01,.,6.9509,.,.,.,.
1926-11-01,.,6.9232,.,.,.,.
1926-12-01,.,6.8955,.,.,.,.
1927-01-01,.,6.8678,.,.,.,.
1927-02-01,.,6.9232,.,.,.,.
1927-03-01,.,7.0063,.,.,.,.
1927-04-01,.,6.8401,.,.,.,.
1927-05-01,.,6.8955,.,.,.,.
1927-06-01,.,6.8678,.,.,.,.
1927-07-01,.,6.7847,.,.,.,.
1927-08-01,.,6.7847,.,.,.,.
1927-09-01,.,6.6740,.,.,.,.
1927-10-01,.,6.5355,.,.,.,.
1927-11-01,.,6.5355,.,.,.,.
1927-12-01,.,6.5632,.,.,.,.
1928-01-01,.,6.7017,.,.,.,.
1928-02-01,.,6.7570,.,.,.,.
1928-03-01,.,6.8124,.,.,.,.
1928-04-01,.,6.7847,.,.,.,.
1928-05-01,.,6.8678,.,.,.,.
1928-06-01,.,6.9232,.,.,.,.
1928-07-01,.,7.0063,.,.,.,.
1928-08-01,.,7.1447,.,.,.,.
1928-09-01,.,7.2001,.,.,.,.
1928-10-01,.,7.3386,.,.,.,.
1928-11-01,.,7.4770,.,.,.,.
1928-12-01,.,7.6155,.,.,.,.
1929-01-01,.,7.7263,.,.,.,.
1929-02-01,.,7.6986,.,.,.,.
1929-03-01,.,7.7263,.,.,.,.
1929-04-01,.,7.8648,.,.,.,.
1929-05-01,.,8.0032,.,.,.,.
1929-06-01,.,8.0586,.,.,.,.
1929-07-01,.,8.1694,.,.,.,.
1929-08-01,.,8.0863,.,.,.,.
1929-09-01,.,8.0309,.,.,.,.
1929-10-01,.,7.8924,.,.,.,.
1929-11-01,.,7.5047,.,.,.,.
1929-12-01,.,7.1724,.,.,.,.
1930-01-01,.,7.1724,.,.,.,.
1930-02-01,.,7.1447,.,.,.,.
1930-03-01,.,7.0340,.,.,.,.
1930-04-01,.,6.9786,.,.,.,.
1930-05-01,.,6.8678,.,.,.,.
1930-06-01,.,6.6740,.,.,.,.
1930-07-01,.,6.3693,.,.,.,.
1930-08-01,.,6.2309,.,.,.,.
1930-09-01,.,6.1201,.,.,.,.
1930-10-01,.,5.9539,.,.,.,.
1930-11-01,.,5.8155,.,.,.,.
1930-12-01,.,5.6770,.,.,.,.
1931-01-01,.,5.6493,.,.,.,.
1931-02-01,.,5.6770,.,.,.,.
1931-03-01,.,5.7878,.,.,.,.
1931-04-01,.,5.8155,.,.,.,.
1931-05-01,.,5.7324,.,.,.,.
1931-06-01,.,5.5939,.,.,.,.
1931-07-01,.,5.5109,.,.,.,.
1931-08-01,.,5.3170,.,.,.,.
1931-09-01,.,5.0678,.,.,.,.
1931-10-01,.,4.8739,.,.,.,.
1931-11-01,.,4.8185,.,.,.,.
1931-12-01,.,4.7908,.,.,.,.
1932-01-01,.,4.6524,.,.,.,.
1932-02-01,.,4.5416,.,.,.,.
1932-03-01,.,4.4862,.,.,.,.
1932-04-01,.,4.1816,.,.,.,.
1932-05-01,.,4.0431,.,.,.,.
1932-06-01,.,3.9047,.,.,.,.
1932-07-01,.,3.7939,.,.,.,.
1932-08-01,.,3.9047,.,.,.,.
1932-09-01,.,4.1539,.,.,.,.
1932-10-01,.,4.2924,.,.,.,.
1932-11-01,.,4.2924,.,.,.,.
1932-12-01,.,4.2093,.,.,.,.
1933-01-01,.,4.1262,.,.,.,.
1933-02-01,.,4.1539,.,.,.,.
1933-03-01,.,3.9047,.,.,.,.
1933-04-01,.,4.1816,.,.,.,.
1933-05-01,.,4.8739,.,.,.,.
1933-06-01,.,5.6216,.,.,.,.
1933-07-01,.,6.1478,.,.,.,.
1933-08-01,.,5.8986,.,.,.,.
1933-09-01,.,5.5663,.,.,.,.
1933-10-01,.,5.2893,.,.,.,.
1933-11-01,.,4.9847,.,.,.,.
1933-12-01,.,5.0124,.,.,.,.
1934-01-01,.,5.1785,.,.,.,.
1934-02-01,.,5.4278,.,.,.,.
1934-03-01,.,5.6770,.,.,.,.
1934-04-01,.,5.6770,.,.,.,.
1934-05-01,.,5.7878,.,.,.,.
1934-06-01,.,5.6770,.,.,.,.
1934-07-01,.,5.2893,.,.,.,.
1934-08-01,.,5.2339,.,.,.,.
1934-09-01,.,4.9293,.,.,.,.
1934-10-01,.,5.1509,.,.,.,.
1934-11-01,.,5.2062,.,.,.,.
1934-12-01,.,5.5386,.,.,.,.
1935-01-01,.,5.9816,.,.,.,.
1935-02-01,.,6.0924,.,.,.,.
1935-03-01,.,6.0647,.,.,.,.
1935-04-01,.,5.9539,.,.,.,.
1935-05-01,.,5.9539,.,.,.,.
1935-06-01,.,6.0370,.,.,.,.
1935-07-01,.,6.0370,.,.,.,.
1935-08-01,.,6.2586,.,.,.,.
1935-09-01,.,6.4247,.,.,.,.
1935-10-01,.,6.6186,.,.,.,.
1935-11-01,.,6.7570,.,.,.,.
1935-12-01,.,6.8401,.,.,.,.
1936-01-01,.,6.7293,.,.,.,.
1936-02-01,.,6.5632,.,.,.,.
1936-03-01,.,6.6463,.,.,.,.
1936-04-01,.,7.0617,.,.,.,.
1936-05-01,.,7.2001,.,.,.,.
1936-06-01,.,7.3386,.,.,.,.
1936-07-01,.,7.4770,.,.,.,.
1936-08-01,.,7.5878,.,.,.,.
1936-09-01,.,7.7263,.,.,.,.
1936-10-01,.,7.8371,.,.,.,.
1936-11-01,.,8.0586,.,.,.,.
1936-12-01,.,8.3078,.,.,.,.
1937-01-01,.,8.2801,.,.,.,.
1937-02-01,.,8.3909,.,.,.,.
1937-03-01,.,8.5848,.,.,.,.
1937-04-01,.,8.5848,.,.,.,.
1937-05-01,.,8.6125,.,.,.,.
1937-06-01,.,8.5017,.,.,.,.
1937-07-01,.,8.5571,.,.,.,.
1937-08-01,.,8.5017,.,.,.,.
1937-09-01,.,8.2248,.,.,.,.
1937-10-01,.,7.6155,.,.,.,.
1937-11-01,.,6.8678,.,.,.,.
1937-12-01,.,6.2586,.,.,.,.
1938-01-01,.,6.1201,.,.,.,.
1938-02-01,.,6.0647,.,.,.,.
1938-03-01,.,6.0647,.,.,.,.
1938-04-01,.,5.9539,.,.,.,.
1938-05-01,.,5.8155,.,.,.,.
1938-06-01,.,5.8709,.,.,.,.
1938-07-01,.,6.2032,.,.,.,.
1938-08-01,.,6.5355,.,.,.,.
1938-09-01,.,6.7293,.,.,.,.
1938-10-01,.,6.8955,.,.,.,.
1938-11-01,.,7.1724,.,.,.,.
1938-12-01,.,7.2555,.,.,.,.
1939-01-01,.,7.2555,.,.,.,.
1939-02-01,.,7.3109,.,.,.,.
1939-03-01,.,7.3386,.,.,.,.
1939-04-01,.,7.3109,.,.,.,.
1939-05-01,.,7.2832,.,.,.,.
1939-06-01,.,7.4494,.,.,.,.
1939-07-01,.,7.6709,.,.,.,.
1939-08-01,.,7.7817,.,.,.,.
1939-09-01,.,8.2525,.,.,.,.
1939-10-01,.,8.6678,.,.,.,.
1939-11-01,.,8.8894,.,.,.,.
1939-12-01,.,8.8894,.,.,.,.
1940-01-01,.,8.7786,.,.,.,.
1940-02-01,.,8.5017,.,.,.,.
1940-03-01,.,8.3078,.,.,.,.
1940-04-01,.,8.4740,.,.,.,.
1940-05-01,.,8.7232,.,.,.,.
1940-06-01,.,9.0002,.,.,.,.
1940-07-01,.,9.1109,.,.,.,.
1940-08-01,.,9.1663,.,.,.,.
1940-09-01,.,9.3602,.,.,.,.
1940-10-01,.,9.4986,.,.,.,.
1940-11-01,.,9.7202,.,.,.,.
1940-12-01,.,10.0525,.,.,.,.
1941-01-01,.,10.3017,.,.,.,.
1941-02-01,.,10.6063,.,.,.,.
1941-03-01,.,10.9386,.,.,.,.
1941-04-01,.,10.9663,.,.,.,.
1941-05-01,.,11.4648,.,.,.,.
1941-06-01,.,11.5479,.,.,.,.
1941-07-01,.,11.6864,.,.,.,.
1941-08-01,.,11.8248,.,.,.,.
1941-09-01,.,11.8248,.,.,.,.
1941-10-01,.,11.9356,.,.,.,.
1941-11-01,.,11.9910,.,.,.,.
1941-12-01,.,12.1848,.,.,.,.
1942-01-01,.,12.4341,.,.,.,.
1942-02-01,.,12.6556,.,.,.,.
1942-03-01,.,12.7941,.,.,.,.
1942-04-01,.,12.4341,.,.,.,.
1942-05-01,.,12.4617,.,.,.,.
1942-06-01,.,12.4895,.,.,.,.
1942-07-01,.,12.7941,.,.,.,.
1942-08-01,.,13.1818,.,.,.,.
1942-09-01,.,13.4864,.,.,.,.
1942-10-01,.,13.9295,.,.,.,.
1942-11-01,.,14.2618,.,.,.,.
1942-12-01,.,14.5941,.,.,.,.
1943-01-01,.,14.7326,.,.,.,.
1943-02-01,.,15.1203,.,.,.,.
1943-03-01,.,15.2310,.,.,.,.
1943-04-01,.,15.4249,.,.,.,.
1943-05-01,.,15.5356,.,.,.,.
1943-06-01,.,15.4526,.,.,.,.
1943-07-01,.,15.9233,.,.,.,.
1943-08-01,.,16.2557,.,.,.,.
1943-09-01,.,16.6711,.,.,.,.
1943-10-01,.,16.9203,.,.,.,.
1943-11-01,.,17.1418,.,.,.,.
1943-12-01,.,16.9203,.,.,.,.
1944-01-01,.,17.1141,.,.,.,.
1944-02-01,.,17.2526,.,.,.,.
1944-03-01,.,17.2249,.,.,.,.
1944-04-01,.,17.2249,.,.,.,.
1944-05-01,.,17.1142,.,.,.,.
1944-06-01,.,17.0588,.,.,.,.
1944-07-01,.,17.0311,.,.,.,.
1944-08-01,.,17.2526,.,.,.,.
1944-09-01,.,17.1418,.,.,.,.
1944-10-01,.,17.1972,.,.,.,.
1944-11-01,.,17.0588,.,.,.,.
1944-12-01,.,17.0034,.,.,.,.
1945-01-01,.,16.8372,.,.,.,.
1945-02-01,.,16.7818,.,.,.,.
1945-03-01,.,16.6710,.,.,.,.
1945-04-01,.,16.3664,.,.,.,.
1945-05-01,.,15.9234,.,.,.,.
1945-06-01,.,15.5633,.,.,.,.
1945-07-01,.,15.2034,.,.,.,.
1945-08-01,.,13.6249,.,.,.,.
1945-09-01,.,12.4064,.,.,.,.
1945-10-01,.,11.9079,.,.,.,.
1945-11-01,.,12.3510,.,.,.,.
1945-12-01,.,12.4064,.,.,.,.
1946-01-01,.,11.7140,.,.,.,.
1946-02-01,.,11.1325,.,0.00000,.,.
1946-03-01,.,12.2956,.,0.00000,.,.
1946-04-01,.,12.0741,.,8.54701,.,.
1946-05-01,.,11.6310,.,0.00000,.,.
1946-06-01,.,12.3510,.,0.00000,.,.
1946-07-01,.,12.7664,.,0.00000,.,.
1946-08-01,.,13.2371,.,19.68504,.,.
1946-09-01,.,13.4864,.,0.00000,.,.
1946-10-01,.,13.7356,.,0.00000,.,.
1946-11-01,.,13.8187,.,0.00000,.,.
1946-12-01,.,13.9018,.,6.57895,.,.
1947-01-01,21.48,14.0679,.,0.00000,.,.
1947-02-01,21.62,14.1510,.,0.00000,.,.
1947-03-01,22.0,14.2341,.,0.00000,.,.
1947-04-01,22.0,14.1233,.,15.43210,.,.
1947-05-01,21.95,14.1787,.,0.00000,.,.
1947-06-01,22.08,14.1787,.,0.00000,.,.
1947-07-01,22.23,14.0956,.,0.00000,.,.
1947-08-01,22.4,14.1787,.,0.00000,.,.
1947-09-01,22.84,14.2895,.,0.00000,.,.
1947-10-01,22.91,14.4279,.,0.00000,.,.
1947-11-01,23.06,14.6218,.,10.69519,.,.
1947-12-01,23.41,14.6772,.,0.00000,.,.
1948-01-01,23.68,14.7603,.,24.15459,.,.
1948-02-01,23.67,14.7880,.,0.00000,.,.
1948-03-01,23.5,14.6218,.,0.00000,.,.
1948-04-01,23.82,14.6495,.,0.00000,.,.
1948-05-01,24.01,14.8987,.,0.00000,.,.
1948-06-01,24.15,15.0926,.,0.00000,.,.
1948-07-01,24.4,15.0926,.,0.00000,.,.
1948-08-01,24.43,15.0372,.,0.00000,.,.
1948-09-01,24.36,14.9264,.,0.00000,.,.
1948-10-01,24.31,15.0372,.,0.00000,.,.
1948-11-01,24.16,14.8433,.,0.00000,.,.
1948-12-01,24.05,14.7049,.,0.00000,.,.
1949-01-01,24.01,14.5664,.,0.00000,.,.
1949-02-01,23.91,14.4280,.,0.00000,.,.
1949-03-01,23.91,14.1510,.,0.00000,.,.
1949-04-01,23.92,14.0679,.,0.00000,.,.
1949-05-01,23.91,13.8741,.,0.00000,.,.
1949-06-01,23.92,13.8464,.,0.00000,.,.
1949-07-01,23.7,13.8187,.,0.00000,.,.
1949-08-01,23.7,13.9572,.,0.00000,.,.
1949-09-01,23.75,14.0956,.,0.00000,.,.
1949-10-01,23.67,13.5695,.,0.00000,.,.
1949-11-01,23.7,13.9295,.,0.00000,.,.
1949-12-01,23.61,14.1787,.,0.00000,.,.
1950-01-01,23.51,14.4279,.,0.00000,.,.
1950-02-01,23.61,14.4833,.,0.00000,.,.
1950-03-01,23.64,14.9541,.,0.00000,.,.
1950-04-01,23.65,15.4526,.,0.00000,.,.
1950-05-01,23.77,15.8126,.,0.00000,.,.
1950-06-01,23.88,16.2834,.,0.00000,.,.
1950-07-01,24.07,16.8095,.,0.00000,.,.
1950-08-01,24.2,17.3357,.,0.00000,.,.
1950-09-01,24.34,17.2249,.,0.00000,.,.
1950-10-01,24.5,17.3357,.,0.00000,.,.
1950-11-01,24.6,17.3080,.,0.00000,.,.
1950-12-01,24.98,17.6126,.,0.00000,.,.
1951-01-01,25.38,17.6680,.,0.00000,.,.
1951-02-01,25.83,17.7788,.,0.00000,.,.
1951-03-01,25.88,17.8618,.,0.00000,.,.
1951-04-01,25.92,17.8895,.,0.00000,.,.
1951-05-01,25.99,17.8342,.,0.00000,.,.
1951-06-01,25.93,17.7511,.,0.00000,.,.
1951-07-01,25.91,17.4741,.,0.00000,.,.
1951-08-01,25.86,17.3080,.,0.00000,.,.
1951-09-01,26.03,17.4188,.,0.00000,.,.
1951-10-01,26.16,17.3911,.,0.00000,.,.
1951-11-01,26.32,17.5295,.,0.00000,.,.
1951-12-01,26.47,17.6403,.,0.00000,.,.
1952-01-01,26.45,17.8341,.,0.00000,.,.
1952-02-01,26.41,17.9449,.,0.00000,.,.
1952-03-01,26.39,18.0003,.,0.00000,.,.
1952-04-01,26.46,17.8341,.,0.00000,.,.
1952-05-01,26.47,17.6680,.,0.00000,.,.
1952-06-01,26.53,17.5018,.,0.00000,.,.
1952-07-01,26.68,17.2249,.,0.00000,.,.
1952-08-01,26.69,18.3326,.,0.00000,.,.
1952-09-01,26.63,18.9972,.,0.00000,.,.
1952-10-01,26.69,19.1911,.,0.00000,.,.
1952-11-01,26.69,19.5788,.,0.00000,.,.
1952-12-01,26.71,19.6896,.,0.00000,.,.
1953-01-01,26.64,19.7449,.,0.00000,.,.
1953-02-01,26.59,19.8557,.,0.00000,.,.
1953-03-01,26.63,20.0219,.,0.00000,.,.
1953-04-01,26.69,20.1050,.,0.00000,.,.
1953-05-01,26.7,20.2157,.,0.00000,.,.
1953-06-01,26.77,20.1326,.,9.72763,.,.
1953-07-01,26.79,20.3819,.,0.00000,.,.
1953-08-01,26.85,20.2711,.,0.00000,.,.
1953-09-01,26.89,19.8557,.,0.00000,.,.
1953-10-01,26.95,19.6896,.,0.00000,.,.
1953-11-01,26.85,19.2188,.,0.00000,.,.
1953-12-01,26.87,18.7480,.,0.00000,.,.
1954-01-01,26.94,18.6095,.,0.00000,.,.
1954-02-01,26.99,18.6649,.,0.00000,.,.
1954-03-01,26.93,18.5542,.,0.00000,.,.
1954-04-01,26.86,18.4434,.,0.00000,.,.
1954-05-01,26.93,18.5542,.,0.00000,.,.
1954-06-01,26.94,18.6096,.,0.00000,.,.
1954-07-01,26.86,18.6372,.,0.00000,.,.
1954-08-01,26.85,18.6095,.,0.00000,.,.
1954-09-01,26.81,18.6372,.,0.00000,.,.
1954-10-01,26.72,18.8588,.,0.00000,.,.
1954-11-01,26.78,19.1634,.,0.00000,.,.
1954-12-01,26.77,19.4126,.,0.00000,.,.
1955-01-01,26.77,19.8557,.,0.00000,.,.
1955-02-01,26.82,20.1050,.,0.00000,.,.
1955-03-01,26.79,20.5757,.,0.00000,.,.
1955-04-01,26.79,20.8250,.,0.00000,.,.
1955-05-01,26.77,21.1573,.,0.00000,.,.
1955-06-01,26.71,21.1850,.,0.00000,.,.
1955-07-01,26.76,21.3511,.,0.00000,.,.
1955-08-01,26.72,21.3234,.,0.00000,.,.
1955-09-01,26.85,21.4619,.,0.00000,.,.
1955-10-01,26.82,21.8219,.,0.00000,.,.
1955-11-01,26.88,21.8773,.,0.00000,.,.
1955-12-01,26.87,21.9604,.,0.00000,.,.
1956-01-01,26.83,22.0988,.,0.00000,.,.
1956-02-01,26.86,21.9050,.,0.00000,.,.
1956-03-01,26.89,21.9050,.,0.00000,.,.
1956-04-01,26.93,22.0712,.,0.00000,.,.
1956-05-01,27.03,21.8773,.,0.00000,.,.
1956-06-01,27.15,21.6835,.,0.00000,.,.
1956-07-01,27.29,21.0188,.,0.00000,.,.
1956-08-01,27.31,21.8773,.,0.00000,.,.
1956-09-01,27.35,22.3758,.,0.00000,.,.
1956-10-01,27.51,22.5696,.,0.00000,.,.
1956-11-01,27.51,22.3758,.,0.00000,.,.
1956-12-01,27.63,22.7081,.,0.00000,.,.
1957-01-01,27.67,22.6250,.,0.00000,.,.
1957-02-01,27.8,22.8466,.,8.86525,.,.
1957-03-01,27.86,22.8189,.,0.00000,.,.
1957-04-01,27.93,22.5142,.,0.00000,.,.
1957-05-01,28.0,22.4312,.,0.00000,.,.
1957-06-01,28.11,22.4866,.,0.00000,.,.
1957-07-01,28.19,22.6250,.,0.00000,.,.
1957-08-01,28.28,22.6250,.,0.00000,.,.
1957-09-01,28.32,22.4312,.,0.00000,.,.
1957-10-01,28.32,22.0988,.,0.00000,.,.
1957-11-01,28.41,21.5727,.,0.00000,.,.
1957-12-01,28.47,21.1573,.,-2.28013,.,.
1958-01-01,28.64,20.7696,.,2.33333,.,.
1958-02-01,28.7,20.3265,.,0.00000,.,.
1958-03-01,28.87,20.0773,.,0.00000,.,.
1958-04-01,28.94,19.7450,.,0.00000,.,.
1958-05-01,28.94,19.9388,.,0.00000,.,.
1958-06-01,28.91,20.4650,.,0.00000,.,.
1958-07-01,28.89,20.7696,.,0.00000,.,.
1958-08-01,28.94,21.1850,.,0.00000,.,.
1958-09-01,28.91,21.3788,.,0.00000,.,.
1958-10-01,28.91,21.6281,.,0.00000,.,.
1958-11-01,28.95,22.2650,.,-2.28013,.,.
1958-12-01,28.97,22.2927,.,0.00000,.,.
1959-01-01,29.01,22.6250,.,0.00000,.,.
1959-02-01,29.0,23.0681,.,0.00000,.,0.60350
1959-03-01,28.97,23.4004,.,-1.00000,.,-2.81944
1959-04-01,28.98,23.8989,.,0.00000,.,-1.85185
1959-05-01,29.04,24.2589,.,0.00000,.,-5.78616
1959-06-01,29.11,24.2866,.,0.00000,.,0.33378
1959-07-01,29.15,23.7050,.,0.00000,.,2.92748
1959-08-01,29.18,22.9019,.,0.00000,.,-7.56303
1959-09-01,29.25,22.8743,.,0.00000,.,7.69231
1959-10-01,29.35,22.7081,.,0.00000,.,-12.01299
1959-11-01,29.35,22.8466,.,0.00000,.,4.50185
1959-12-01,29.41,24.2589,.,0.00000,.,13.06497
1960-01-01,29.37,24.8958,.,0.00000,.,-8.80700
1960-02-01,29.41,24.6743,.,0.00000,.,2.94521
1960-03-01,29.41,24.4528,.,0.00000,.,-26.21424
1960-04-01,29.54,24.2589,.,0.00000,.,16.23084
1960-05-01,29.57,24.2312,.,0.00000,.,-1.39643
1960-06-01,29.61,23.9266,.,0.00000,.,-1.88828
1960-07-01,29.55,23.8435,.,0.00000,.,-4.00962
1960-08-01,29.61,23.8158,.,0.00000,.,12.28070
1960-09-01,29.61,23.5666,.,0.00000,.,-18.37798
1960-10-01,29.75,23.5389,.,0.00000,.,13.58250
1960-11-01,29.78,23.2066,.,0.00000,.,0.00000
1960-12-01,29.81,22.7635,.,0.00000,.,-14.68700
1961-01-01,29.84,22.7912,.,0.00000,.,11.28881
1961-02-01,29.84,22.7635,.,0.00000,.,3.63483
1961-03-01,29.84,22.9020,.,0.00000,.,7.01468
1961-04-01,29.81,23.3727,.,0.00000,.,-11.12805
1961-05-01,29.84,23.7327,.,0.00000,.,5.31732
1961-06-01,29.84,24.0650,.,0.00000,.,12.54072
1961-07-01,29.92,24.3420,.,0.00000,.,-3.40087
1961-08-01,29.94,24.5635,.,0.00000,.,-1.72285
1961-09-01,29.98,24.5358,.,0.00000,.,8.91768
1961-10-01,29.98,25.0066,.,0.00000,.,-0.97971
1961-11-01,29.98,25.3943,.,0.00000,.,-2.12014
1961-12-01,30.01,25.6158,.,0.00000,.,-1.44404
1962-01-01,30.04,25.3943,.,0.00000,.,-0.29304
1962-02-01,30.11,25.8097,.,0.00000,.,-6.09846
1962-03-01,30.17,25.9482,.,0.00000,.,12.91080
1962-04-01,30.21,26.0035,.,0.00000,.,5.61331
1962-05-01,30.24,25.9758,.,0.00000,.,-2.69029
1962-06-01,30.21,25.9205,.,0.00000,.,-5.32704
1962-07-01,30.22,26.1697,.,0.00000,.,3.27635
1962-08-01,30.28,26.1974,.,0.00000,.,4.62069
1962-09-01,30.42,26.3635,.,0.00000,.,-12.72248
1962-10-01,30.38,26.3912,.,0.00000,.,15.78550
1962-11-01,30.38,26.5020,.,0.00000,.,5.80561
1962-12-01,30.38,26.5020,.,0.00000,.,-3.57583
1963-01-01,30.44,26.6958,.,0.00000,.,-20.46036
1963-02-01,30.48,27.0005,.,0.00000,.,17.04180
1963-03-01,30.51,27.1666,.,0.00000,.,5.35714
1963-04-01,30.48,27.4159,.,0.00000,.,10.10430
1963-05-01,30.51,27.7482,.,0.00000,.,-2.84192
1963-06-01,30.61,27.8313,.,0.00000,.,-3.22974
1963-07-01,30.69,27.7205,.,0.00000,.,1.63728
1963-08-01,30.75,27.7759,.,0.00000,.,1.54895
1963-09-01,30.72,28.0528,.,0.00000,.,7.56559
1963-10-01,30.75,28.2466,.,0.00000,.,0.90754
1963-11-01,30.78,28.3851,.,0.00000,.,-8.82518
1963-12-01,30.88,28.3297,.,0.00000,.,-8.07645
1964-01-01,30.94,28.5790,.,0.00000,.,7.51174
1964-02-01,30.91,28.7728,.,0.00000,.,13.53712
1964-03-01,30.94,28.7728,.,0.00000,.,-16.64835
1964-04-01,30.95,29.2436,.,0.00000,.,-4.54845
1964-05-01,30.98,29.4098,.,0.00000,.,1.31215
1964-06-01,31.01,29.4928,.,0.00000,.,5.65781
1964-07-01,31.02,29.6867,.,-1.68350,.,0.77419
1964-08-01,31.05,29.8805,.,0.00000,.,0.44814
1964-09-01,31.08,29.9913,.,0.00000,.,-7.26577
1964-10-01,31.12,29.5759,.,0.00000,.,4.74227
1964-11-01,31.21,30.4898,.,0.00000,.,-2.49344
1964-12-01,31.25,30.8498,.,0.00000,.,-0.13459
1965-01-01,31.28,31.1821,.,0.00000,.,-8.28841
1965-02-01,31.28,31.3760,.,0.00000,.,5.29023
1965-03-01,31.31,31.7913,.,0.00000,.,-0.69784
1965-04-01,31.38,31.9298,.,0.00000,.,1.05411
1965-05-01,31.48,32.1790,.,0.00000,.,2.78164
1965-06-01,31.61,32.4283,.,0.00000,.,0.67659
1965-07-01,31.58,32.7329,.,0.00000,.,2.75538
1965-08-01,31.55,32.8713,.,0.00000,.,-6.34402
1965-09-01,31.62,32.9544,.,0.00000,.,3.49162
1965-10-01,31.65,33.2868,.,0.00000,.,-2.02429
1965-11-01,31.75,33.4252,.,0.00000,.,0.55096
1965-12-01,31.85,33.8406,.,0.00000,.,13.42466
1966-01-01,31.88,34.1729,.,0.00000,.,-17.27053
1966-02-01,32.08,34.3945,.,0.00000,.,0.58394
1966-03-01,32.18,34.8652,.,0.00000,.,1.16110
1966-04-01,32.28,34.9206,.,0.00000,.,-3.01291
1966-05-01,32.35,35.2529,.,0.00000,.,-6.43491
1966-06-01,32.38,35.4191,.,0.00000,.,-5.61265
1966-07-01,32.45,35.6129,.,0.00000,.,-9.04523
1966-08-01,32.65,35.6406,.,0.00000,.,3.03867
1966-09-01,32.75,35.9729,.,1.71233,.,-6.52368
1966-10-01,32.85,36.2221,.,0.00000,.,-19.40727
1966-11-01,32.88,35.9729,.,0.00000,.,13.99763
1966-12-01,32.92,36.0560,.,0.00000,.,3.01769
1967-01-01,32.9,36.2261,.,0.00000,.,7.77778
1967-02-01,33.0,35.8152,.,1.01010,.,5.24836
1967-03-01,33.0,35.6133,.,0.00000,.,-5.96616
1967-04-01,33.1,35.9492,.,0.00000,.,3.31439
1967-05-01,33.1,35.6356,.,0.00000,.,19.52337
1967-06-01,33.3,35.6311,.,0.00000,.,-4.29448
1967-07-01,33.4,35.5500,.,0.00000,.,9.29487
1967-08-01,33.5,36.2311,.,2.33333,.,3.15249
1967-09-01,33.6,36.1723,.,0.00000,.,0.99502
1967-10-01,33.7,36.4669,.,0.00000,.,4.92611
1967-11-01,33.9,36.9884,.,0.00000,.,3.15225
1967-12-01,34.0,37.3868,.,0.00000,.,-14.95449
1968-01-01,34.1,37.3465,.,0.00000,.,5.50459
1968-02-01,34.2,37.4804,.,0.00000,.,10.14493
1968-03-01,34.3,37.5974,.,0.00000,.,-3.55263
1968-04-01,34.4,37.6518,.,0.00000,.,6.00273
1968-05-01,34.5,38.0741,.,0.00000,.,-9.39511
1968-06-01,34.7,38.2140,.,0.00000,.,-0.21307
1968-07-01,34.9,38.1554,.,0.00000,.,7.61566
1968-08-01,35.0,38.2619,.,0.00000,.,-1.12434
1968-09-01,35.1,38.4068,.,0.00000,.,4.08027
1968-10-01,35.3,38.4830,.,0.00000,.,0.83548
1968-11-01,35.4,38.9808,.,0.00000,.,3.88783
1968-12-01,35.6,39.1039,.,0.00000,.,-5.03067
1969-01-01,35.7,39.3405,.,0.00000,.,14.27649
1969-02-01,35.8,39.5922,.,0.00000,.,-3.61786
1969-03-01,36.1,39.9027,.,5.86319,.,-8.44575
1969-04-01,36.3,39.7559,.,3.07692,.,-2.37028
1969-05-01,36.4,39.6056,.,0.00000,.,3.87139
1969-06-01,36.6,39.9925,.,0.00000,.,-3.47442
1969-07-01,36.8,40.2037,.,0.00000,.,-10.47120
1969-08-01,36.9,40.2961,.,0.00000,.,-0.73099
1969-09-01,37.1,40.2870,.,0.00000,.,10.97202
1969-10-01,37.3,40.2988,.,0.00000,.,-8.36098
1969-11-01,37.5,39.9189,.,0.00000,.,-11.00652
1969-12-01,37.7,39.8118,.,0.00000,.,7.97396
1970-01-01,37.9,39.0746,.,0.00000,.,-18.23662
1970-02-01,38.1,39.0488,.,0.00000,.,20.27650
1970-03-01,38.3,38.9981,.,0.00000,.,1.07280
1970-04-01,38.5,38.8979,.,0.00000,.,-4.16983
1970-05-01,38.6,38.8525,.,0.00000,.,2.05696
1970-06-01,38.8,38.7269,.,0.00000,.,7.36434
1970-07-01,38.9,38.8219,.,-1.19403,.,9.53069
1970-08-01,39.0,38.7527,.,0.00000,.,-7.77851
1970-09-01,39.2,38.4856,.,0.00000,.,9.64975
1970-10-01,39.4,37.7157,.,0.00000,.,2.99870
1970-11-01,39.6,37.4873,.,0.00000,.,4.24051
1970-12-01,39.8,38.3482,.,7.55287,.,14.93625
1971-01-01,39.9,38.6432,.,0.00000,.,-3.43370
1971-02-01,39.9,38.5695,.,0.00000,.,-4.75930
1971-03-01,40.0,38.5278,.,0.00000,.,9.70706
1971-04-01,40.1,38.7441,.,0.00000,.,3.97906
1971-05-01,40.3,38.9407,.,0.00000,.,3.17221
1971-06-01,40.5,39.1040,.,0.00000,.,-1.12250
1971-07-01,40.6,38.9905,.,0.00000,.,2.81343
1971-08-01,40.7,38.7642,.,0.00000,.,3.60058
1971-09-01,40.8,39.3942,.,0.00000,.,-5.42169
1971-10-01,40.9,39.6891,.,0.00000,.,4.26262
1971-11-01,41.0,39.8576,.,0.00000,.,2.53759
1971-12-01,41.1,40.3177,.,0.00000,.,5.17874
1972-01-01,41.2,41.2876,.,0.00000,.,8.67102
1972-02-01,41.4,41.6865,.,0.00000,.,-4.17001
1972-03-01,41.4,41.9746,.,0.00000,.,-2.34310
1972-04-01,41.5,42.4183,.,0.00000,.,-3.64182
1972-05-01,41.6,42.3963,.,0.00000,.,-1.24500
1972-06-01,41.7,42.5166,.,0.00000,.,1.48582
1972-07-01,41.8,42.4980,.,0.00000,.,-0.08873
1972-08-01,41.9,43.0629,.,0.00000,.,5.77265
1972-09-01,42.1,43.3918,.,0.00000,.,4.15617
1972-10-01,42.2,43.9718,.,0.00000,.,0.16123
1972-11-01,42.4,44.4919,.,0.00000,.,-2.57545
1972-12-01,42.5,45.0015,.,0.00000,.,-2.27179
1973-01-01,42.7,45.2942,.,0.00000,.,4.86052
1973-02-01,43.0,45.9656,.,0.00000,.,-7.73881
1973-03-01,43.4,45.9872,.,0.00000,.,3.32023
1973-04-01,43.7,45.9237,.,0.00000,.,-11.88161
1973-05-01,43.9,46.2192,.,0.00000,.,8.73321
1973-06-01,44.2,46.2509,.,0.00000,.,-8.78199
1973-07-01,44.2,46.4421,.,0.00000,.,2.70924
1973-08-01,45.0,46.3648,.,21.06742,.,-3.39143
1973-09-01,45.2,46.7803,.,0.00000,.,-8.62994
1973-10-01,45.6,47.0954,.,0.00000,.,-10.51227
1973-11-01,45.9,47.3445,.,0.00000,.,2.80262
1973-12-01,46.3,47.2315,.,0.00000,.,-11.48492
1974-01-01,46.8,46.8994,.,134.57077,.,-4.91481
1974-02-01,47.3,46.7538,.,0.00000,.,20.74431
1974-03-01,47.8,46.7685,.,0.00000,.,-11.24429
1974-04-01,48.1,46.6069,.,0.00000,.,3.34405
1974-05-01,48.6,46.9743,.,0.00000,.,-11.26322
1974-06-01,49.0,46.9233,.,0.00000,.,6.10098
1974-07-01,49.3,46.9464,.,0.00000,.,-13.02049
1974-08-01,49.9,46.4907,.,0.00000,.,-13.22188
1974-09-01,50.6,46.5136,.,0.00000,.,0.70053
1974-10-01,51.0,46.3401,.,10.38576,.,-6.95652
1974-11-01,51.5,44.8209,.,0.00000,.,-4.11215
1974-12-01,51.9,43.2340,.,0.00000,.,-4.97076
1975-01-01,52.3,42.6409,.,0.00000,.,5.84615
1975-02-01,52.6,41.6602,.,0.00000,.,-12.40310
1975-03-01,52.8,41.2135,.,0.00000,.,9.84513
1975-04-01,53.0,41.2460,.,0.00000,.,1.20846
1975-05-01,53.1,41.1515,.,0.00000,.,11.54229
1975-06-01,53.5,41.4224,.,0.00000,.,-3.03301
1975-07-01,54.0,41.8234,.,0.00000,.,12.78749
1975-08-01,54.2,42.2573,.,0.00000,.,2.77325
1975-09-01,54.6,42.7796,.,0.00000,.,0.31746
1975-10-01,54.9,42.9687,.,0.00000,.,6.32911
1975-11-01,55.3,43.0614,.,0.00000,.,1.19048
1975-12-01,55.6,43.5973,.,0.00000,.,-2.86765
1976-01-01,55.8,44.2288,.,0.00000,.,3.48221
1976-02-01,55.9,44.6725,.,7.79570,.,12.50914
1976-03-01,56.0,44.7125,.,0.58188,.,-7.60728
1976-04-01,56.1,44.9643,.,0.57851,.,-1.82970
1976-05-01,56.4,45.1741,.,0.00000,.,4.58781
1976-06-01,56.7,45.1830,.,0.00000,.,2.46744
1976-07-01,57.0,45.4535,.,0.00000,.,-6.28763
1976-08-01,57.3,45.7737,.,0.00000,.,10.63526
1976-09-01,57.6,45.9031,.,14.21528,.,10.96774
1976-10-01,57.9,45.9207,.,0.00000,.,-5.29070
1976-11-01,58.1,46.5978,.,0.00000,.,0.73665
1976-12-01,58.4,47.0854,.,0.00000,.,9.93297
1977-01-01,58.7,46.8276,.,0.00000,.,-15.35477
1977-02-01,59.3,47.5417,.,0.00000,.,27.24296
1977-03-01,59.6,48.1310,.,0.00000,.,6.17602
1977-04-01,60.0,48.5838,.,0.00000,.,-8.28890
1977-05-01,60.2,48.9891,.,0.00000,.,4.17548
1977-06-01,60.5,49.3428,.,0.00000,.,-3.95738
1977-07-01,60.8,49.4120,.,0.00000,.,8.71632
1977-08-01,61.1,49.4259,.,6.83453,.,-1.84645
1977-09-01,61.3,49.6639,.,0.00000,.,-3.51485
1977-10-01,61.6,49.7592,.,0.00000,.,4.77168
1977-11-01,62.0,49.8117,.,0.00000,.,0.00000
1977-12-01,62.3,49.8949,.,0.00000,.,4.89716
1978-01-01,62.7,49.2066,.,0.00000,.,-19.79458
1978-02-01,63.0,49.4502,.,0.00000,.,1.16414
1978-03-01,63.4,50.3928,.,0.00000,.,16.91600
1978-04-01,63.9,51.4368,.,0.00000,.,8.12008
1978-05-01,64.5,51.6276,.,0.00000,.,-5.55303
1978-06-01,65.0,51.9833,.,0.00000,.,-0.24096
1978-07-01,65.5,51.9592,.,0.00000,.,1.06280
1978-08-01,65.9,52.1543,.,0.00000,.,-4.58891
1978-09-01,66.5,52.2860,.,0.00000,.,-1.30261
1978-10-01,67.1,52.7054,.,0.00000,.,0.55838
1978-11-01,67.5,53.1047,.,0.00000,.,5.70419
1978-12-01,67.9,53.3886,.,0.00000,.,-2.38777
1979-01-01,68.5,53.0453,.,0.00000,.,-20.25440
1979-02-01,69.2,53.3303,.,6.73401,.,-6.74847
1979-03-01,69.9,53.4973,.,0.00000,.,21.51316
1979-04-01,70.6,52.8938,.,0.00000,.,-5.36004
1979-05-01,71.4,53.3187,.,14.19558,.,7.32265
1979-06-01,72.2,53.3157,.,5.52486,.,1.97228
1979-07-01,73.0,53.2433,.,13.87435,.,-7.99791
1979-08-01,73.7,52.8899,.,21.83908,.,1.02273
1979-09-01,74.4,52.9486,.,7.54717,.,3.03712
1979-10-01,75.2,53.2390,.,1.75439,.,-8.24236
1979-11-01,76.0,53.1918,.,6.89655,.,-9.33968
1979-12-01,76.9,53.2603,.,4.83871,.,-1.70604
1980-01-01,78.0,53.5037,.,0.00000,.,-10.48064
1980-02-01,79.0,53.5053,.,13.84615,.,0.67114
1980-03-01,80.1,53.3294,.,2.70270,.,-22.44444
1980-04-01,80.9,52.2336,.,3.94737,.,0.38204
1980-05-01,81.7,50.9638,.,0.00000,.,-11.79829
1980-06-01,82.5,50.3348,.,0.00000,.,29.01834
1980-07-01,82.6,49.9462,.,0.00000,.,6.10368
1980-08-01,83.2,50.1256,.,-3.79747,.,13.15997
1980-09-01,83.9,50.9386,.,-5.26316,.,2.43733
1980-10-01,84.7,51.5813,.,0.00000,.,3.53501
1980-11-01,85.6,52.4717,.,0.00000,.,-0.85358
1980-12-01,86.4,52.7685,.,2.77778,.,-1.85430
1981-01-01,87.2,52.4668,.,2.70270,.,4.38596
1981-02-01,88.0,52.2260,.,0.00000,.,-19.45701
1981-03-01,88.6,52.5025,.,0.00000,.,4.81541
1981-04-01,89.1,52.2691,.,0.00000,.,4.13476
1981-05-01,89.7,52.5803,.,0.00000,.,-16.17647
1981-06-01,90.5,52.8284,.,-5.26316,.,-8.33333
1981-07-01,91.5,53.1751,.,0.00000,.,-0.38278
1981-08-01,92.2,53.1679,.,0.00000,.,-9.70221
1981-09-01,93.1,52.8514,.,0.00000,.,-3.08511
1981-10-01,93.4,52.4949,.,-2.77778,.,-4.17124
1981-11-01,93.8,51.8940,.,2.85714,.,-4.12371
1981-12-01,94.1,51.3274,.,-2.77778,.,8.72162
1982-01-01,94.4,50.3043,12.9180000000000000,-3.28571,.,-7.36264
1982-02-01,94.7,51.3016,14.2794444444444444,-6.76514,.,2.72835
1982-03-01,94.7,50.9104,13.3147826086956522,-9.75919,.,7.50577
1982-04-01,95.0,50.4627,13.3447619047619048,17.45084,.,-1.50376
1982-05-01,95.9,50.1380,12.7140000000000000,7.41405,.,11.77754
1982-06-01,97.0,49.9692,13.0786363636363636,-2.39354,.,-12.00000
1982-07-01,97.5,49.8138,11.8633333333333333,-2.59481,.,29.26829
1982-08-01,97.7,49.3773,8.9972727272727273,-0.61475,.,-10.29160
1982-09-01,97.7,49.2260,8.1928571428571429,4.94845,.,9.36902
1982-10-01,98.1,48.7874,7.9675000000000000,0.14033,.,2.53497
1982-11-01,98.0,48.5920,8.3463157894736842,-4.28812,.,16.96505
1982-12-01,97.7,48.2424,8.2027272727272727,-7.11567,.,-5.02915
1983-01-01,97.9,49.1762,8.1171428571428571,-1.67087,.,21.71911
1983-02-01,98.0,48.8688,8.3942105263157895,-7.18179,.,7.12484
1983-03-01,98.1,49.2654,8.6595652173913043,-0.44905,.,-5.47381
1983-04-01,98.8,49.8675,8.5135000000000000,6.21096,.,-8.34371
1983-05-01,99.2,50.2084,8.4957142857142857,-1.99281,.,20.65217
1983-06-01,99.4,50.5089,9.1395454545454545,3.33333,.,-2.42117
1983-07-01,99.8,51.2733,9.4495000000000000,2.12903,.,3.00058
1983-08-01,100.1,51.8454,9.7391304347826087,0.78964,.,7.00280
1983-09-01,100.4,52.6303,9.3614285714285714,-2.50705,.,-10.47120
1983-10-01,100.8,53.0679,8.9880000000000000,-2.25008,.,0.29240
1983-11-01,101.1,53.2534,9.1110526315789474,-1.87438,.,4.08163
1983-12-01,101.4,53.5343,9.3576190476190476,-2.01072,.,-5.43417
1984-01-01,102.1,54.6008,9.2638095238095238,1.53899,.,12.38152
1984-02-01,102.6,54.8350,9.4594736842105263,1.53250,.,19.13548
1984-03-01,102.9,55.1052,9.8895454545454545,2.04346,.,-26.41593
1984-04-01,103.3,55.4514,10.0730000000000000,-0.46487,.,11.30487
1984-05-01,103.5,55.7141,10.2231818181818182,-0.32007,.,-4.15991
1984-06-01,103.7,55.9085,10.2604761904761905,-1.81193,.,3.88952
1984-07-01,104.1,56.0842,10.5309523809523810,-4.05446,.,-6.02279
1984-08-01,104.4,56.1376,10.9004347826086957,1.73205,.,-8.42956
1984-09-01,104.7,56.0382,10.7957894736842105,0.20855,.,7.06179
1984-10-01,105.1,55.9459,10.1245454545454545,-1.86278,.,-6.36042
1984-11-01,105.3,56.1667,8.9247368421052632,-2.31879,.,6.22642
1984-12-01,105.5,56.2296,8.3375000000000000,-9.49890,.,-4.55891
1985-01-01,105.7,56.1398,8.0200000000000000,0.83369,.,6.14144
1985-02-01,106.3,56.3323,8.5572222222222222,6.35701,.,-4.61718
1985-03-01,106.8,56.4232,8.8300000000000000,3.54589,.,10.29412
1985-04-01,107.0,56.2693,8.2219047619047619,2.00793,.,1.16667
1985-05-01,107.2,56.3488,7.7331818181818182,-4.10345,.,-7.74300
1985-06-01,107.5,56.3901,7.1800000000000000,-1.73768,.,-0.23810
1985-07-01,107.7,56.0234,7.3163636363636364,0.68526,.,0.47733
1985-08-01,107.9,56.2555,7.3704545454545455,1.55878,.,3.50356
1985-09-01,108.1,56.4983,7.3331578947368421,1.92398,.,-3.84395
1985-10-01,108.5,56.2648,7.4009090909090909,4.41514,.,9.42721
1985-11-01,109.0,56.4549,7.4763157894736842,4.31647,.,-7.41549
1985-12-01,109.5,57.0458,7.3300000000000000,-11.63470,.,14.36985
1986-01-01,109.9,57.3104,7.3019047619047619,-15.73013,8.1590909090909091,1.54480
1986-02-01,109.7,56.9344,7.2905263157894737,-32.69993,8.0156250000000000,-6.28803
1986-03-01,109.1,56.5420,6.7640000000000000,-18.28779,7.5690789473684211,1.51515
1986-04-01,108.7,56.5599,6.2354545454545455,1.81487,6.9362500000000000,3.03838
1986-05-01,109.0,56.6823,6.3347619047619048,20.21484,6.9953150000000000,-4.08691
1986-06-01,109.4,56.4976,6.3966666666666667,-12.78814,7.0639904761904762,-0.37756
1986-07-01,109.5,56.8140,5.9995454545454545,-14.06192,6.6644000000000000,-3.51922
1986-08-01,109.6,56.7381,5.6852380952380952,30.38445,6.1968750000000000,1.40292
1986-09-01,110.0,56.8532,5.3523809523809524,-1.18606,5.9971590909090909,-6.64084
1986-10-01,110.2,57.1191,5.3231818181818182,-0.40904,5.9993217391304348,-0.35566
1986-11-01,110.4,57.3792,5.5000000000000000,2.39025,6.0859400000000000,-3.45033
1986-12-01,110.8,57.8623,5.6827272727272727,5.71447,6.3824428571428571,12.93900
1987-01-01,111.4,57.6850,5.5780000000000000,16.04877,6.2165180952380952,-3.21877
1987-02-01,111.8,58.4399,5.7510526315789474,-4.98499,6.4453125000000000,0.56370
1987-03-01,112.2,58.5160,5.7659090909090909,3.26639,6.4943181818181818,-3.25112
1987-04-01,112.7,58.8851,5.8157142857142857,1.84649,6.8695315000000000,-6.48899
1987-05-01,113.0,59.2653,5.8465000000000000,4.14096,7.3651315789473684,0.86741
1987-06-01,113.5,59.5409,5.8545454545454545,3.18826,7.2386363636363636,-2.08845
1987-07-01,113.8,59.9536,5.8790909090909091,6.59379,6.9925273913043478,-1.19197
1987-08-01,114.3,60.4517,6.2333333333333333,-5.06205,7.0406250000000000,1.90476
1987-09-01,114.7,60.6069,6.6214285714285714,-3.68945,7.6321022727272727,5.60748
1987-10-01,115.0,61.4910,6.3509523809523810,1.64908,8.4176136363636364,-10.61947
1987-11-01,115.4,61.8137,5.8900000000000000,-4.67553,7.5327380952380952,9.30693
1987-12-01,115.6,62.1190,5.9595454545454545,-8.87421,7.9761904761904762,-15.45894
1988-01-01,116.0,62.1469,6.0047368421052632,-0.46981,7.2281255000000000,-9.21429
1988-02-01,116.2,62.4169,5.8425000000000000,-2.30186,6.8415180952380952,15.89300
1988-03-01,116.5,62.5418,5.8700000000000000,-3.26871,6.8573369565217391,4.00543
1988-04-01,117.2,62.8959,6.0830000000000000,10.22384,7.1990131578947368,2.67624
1988-05-01,117.5,62.8223,6.4542857142857143,-2.44476,7.5156250000000000,-9.66306
1988-06-01,118.0,62.9823,6.6640909090909091,-5.20702,7.7357954545454545,4.01126
1988-07-01,118.5,63.0093,6.9480000000000000,-6.24319,8.1979171428571429,-0.74425
1988-08-01,119.0,63.2723,7.2995652173913043,0.16776,8.5887786363636364,1.77232
1988-09-01,119.5,63.0990,7.4780952380952381,-6.80881,8.4240059090909091,-0.06698
1988-10-01,119.9,63.4122,7.5970000000000000,-4.62432,8.6287204761904762,2.01072
1988-11-01,120.3,63.5128,8.0285000000000000,1.29729,9.0227272727272727,3.08804
1988-12-01,120.7,63.8233,8.3485714285714286,16.37690,9.4156250000000000,-0.38241
1989-01-01,121.2,64.0153,8.5585000000000000,10.55576,9.4017857142857143,3.71081
1989-02-01,121.6,63.7242,8.8368421052631579,-0.87305,9.7375000000000000,-12.09130
1989-03-01,122.2,63.8691,9.1422727272727273,9.08224,10.2976190476190476,-0.21053
1989-04-01,123.1,63.9124,8.9625000000000000,8.20262,10.1710940000000000,-5.83685
1989-05-01,123.7,63.4884,8.7359090909090909,-4.79087,9.7686014285714286,-0.59746
1989-06-01,124.1,63.5187,8.4345454545454545,-0.13478,9.3970172727272727,4.95868
1989-07-01,124.5,62.9354,8.1470000000000000,-1.80455,8.9732142857142857,2.14746
1989-08-01,124.5,63.5168,8.1700000000000000,-5.71167,8.8238636363636364,-6.65732
1989-09-01,124.8,63.2954,8.0145000000000000,5.78771,8.9732142857142857,-3.97898
1989-10-01,125.4,63.2542,7.8995238095238095,2.53649,8.7954545454545455,10.24238
1989-11-01,125.9,63.4616,7.9438095238095238,-1.34886,8.5454545454545455,-4.18440
1989-12-01,126.3,63.8467,7.8795000000000000,6.39758,8.5098684210526316,-7.40192
1990-01-01,127.5,63.4228,7.8980952380952381,7.36438,8.3494318181818182,23.98082
1990-02-01,128.0,64.0446,8.0021052631578947,-2.35414,8.3656250000000000,-7.35010
1990-03-01,128.6,64.3580,8.1700000000000000,-7.64429,8.4914772727272727,-10.29923
1990-04-01,128.9,64.2602,8.0405000000000000,-8.99207,8.5699015789473684,-3.18076
1990-05-01,129.1,64.3973,8.0068181818181818,-1.85664,8.4754466666666667,-2.88462
1990-06-01,129.9,64.6041,7.9866666666666667,-7.49027,8.3519347619047619,-2.88779
1990-07-01,130.5,64.5205,7.8747619047619048,10.47359,8.2208809090909091,-0.50977
1990-08-01,131.6,64.7326,7.6943478260869565,45.79891,8.0909090909090909,-4.78224
1990-09-01,132.5,64.8145,7.5978947368421053,23.96776,8.1875000000000000,-0.44843
1990-10-01,133.4,64.3274,7.4000000000000000,6.63461,8.1691578260869565,-8.64865
1990-11-01,133.7,63.5753,7.2905000000000000,-10.08296,8.1647727272727273,12.91913
1990-12-01,134.2,63.1594,6.9495000000000000,-15.36533,7.9218752631578947,-15.37118
1991-01-01,134.7,62.8852,6.4104761904761905,-8.69883,7.3373581818181818,-17.64706
1991-02-01,134.8,62.4462,6.1163157894736842,-17.77315,6.7125000000000000,20.92732
1991-03-01,134.8,62.1190,6.0935000000000000,-3.23052,6.5687500000000000,-4.55959
1991-04-01,135.1,62.2415,5.8254545454545455,4.84894,6.2232142857142857,8.68621
1991-05-01,135.6,62.8646,5.6336363636363636,2.00259,6.0595238095238095,-0.49950
1991-06-01,136.0,63.4372,5.7510000000000000,-4.91996,6.2062500000000000,4.01606
1991-07-01,136.2,63.5128,5.7509090909090909,6.06586,6.1385869565217391,2.60618
1991-08-01,136.6,63.5671,5.4977272727272727,1.25117,5.7708333333333333,-1.31703
1991-09-01,137.0,64.1330,5.3735000000000000,0.77923,5.6190476190476190,-3.24118
1991-10-01,137.2,64.0213,5.1440909090909091,6.27259,5.4701086956521739,6.30542
1991-11-01,137.8,63.9480,4.6894736842105263,-3.28483,5.0714285714285714,2.22428
1991-12-01,138.2,63.6937,4.1842857142857143,-13.12264,4.6062500000000000,-2.17588
1992-01-01,138.3,63.3374,3.9061904761904762,-3.57125,4.1814631818181818,8.98981
1992-02-01,138.6,63.7911,3.9500000000000000,0.92986,4.1750000000000000,6.29252
1992-03-01,139.1,64.3212,4.1386363636363636,-0.41590,4.3860086363636364,3.76000
1992-04-01,139.4,64.8088,3.8390476190476190,7.01523,4.1703125000000000,-15.26600
1992-05-01,139.7,65.0202,3.7190000000000000,3.44317,3.9601152631578947,10.46406
1992-06-01,140.1,65.0295,3.7450000000000000,6.85291,3.9943181818181818,-5.68369
1992-07-01,140.5,65.6172,3.2795454545454545,-2.75307,3.5169834782608696,-0.52402
1992-08-01,140.8,65.2943,3.1990476190476190,-1.87968,3.4500000000000000,7.63828
1992-09-01,141.1,65.4460,2.9685714285714286,2.58548,3.2837359090909091,-3.26264
1992-10-01,141.7,65.9369,2.9328571428571429,-0.97708,3.4371450000000000,4.89039
1992-11-01,142.1,66.2174,3.2057894736842105,-6.20620,3.7961314285714286,-2.41158
1992-12-01,142.3,66.2772,3.2913636363636364,-4.59640,3.6369047619047619,1.07084
1993-01-01,142.8,66.5643,3.0710526315789474,-1.71072,3.3468750000000000,-1.38549
1993-02-01,143.1,66.8594,2.9926315789473684,5.12713,3.2386720000000000,0.00000
1993-03-01,143.3,66.7658,3.0143478260869565,1.46611,3.2401495652173913,-10.49587
1993-04-01,143.8,67.0000,2.9304761904761905,-0.37843,3.2265625000000000,16.15882
1993-05-01,144.2,66.7674,3.0250000000000000,-1.62802,3.2434210526315789,0.15898
1993-06-01,144.3,66.8781,3.1445454545454545,-4.36309,3.3377131818181818,1.58730
1993-07-01,144.5,67.0845,3.1109523809523810,-6.31358,3.2940340909090909,-2.03125
1993-08-01,144.8,67.0140,3.0904545454545455,0.80040,3.2619047619047619,3.66826
1993-09-01,145.0,67.3345,3.0085714285714286,-2.74863,3.2102272727272727,3.30769
1993-10-01,145.6,67.8515,3.0920000000000000,3.60283,3.3869047619047619,3.64855
1993-11-01,146.0,68.1326,3.1795000000000000,-7.96914,3.4886363636363636,-1.14943
1993-12-01,146.3,68.5054,3.1277272727272727,-13.10857,3.3735119047619048,11.40988
1994-01-01,146.3,68.7648,3.0445000000000000,3.37698,3.2718750000000000,-17.02544
1994-02-01,146.7,68.7836,3.3305263157894737,-1.46667,3.5531250000000000,5.11006
1994-03-01,147.1,69.4766,3.5908695652173913,-0.81191,3.8773782608695652,16.97831
1994-04-01,147.2,69.8703,3.7805263157894737,11.73261,4.1315789473684211,-6.32992
1994-05-01,147.5,70.2281,4.2676190476190476,9.15751,4.6500000000000000,4.16382
1994-06-01,147.9,70.6763,4.2490909090909091,6.65548,4.6370740909090909,-7.66710
1994-07-01,148.4,70.7846,4.4565000000000000,3.04143,4.8582590476190476,2.12917
1994-08-01,149.0,71.2053,4.6117391304347826,-6.46310,4.9183240909090909,0.76442
1994-09-01,149.3,71.4767,4.7514285714285714,-5.00544,5.1278409090909091,1.65517
1994-10-01,149.4,72.0820,5.1020000000000000,1.43184,5.6223957142857143,-1.62822
1994-11-01,149.8,72.5263,5.4490000000000000,2.20215,5.8810372727272727,4.20690
1994-12-01,150.1,73.2879,5.7647619047619048,-5.19337,6.3843750000000000,-3.70615
1995-01-01,150.5,73.4219,5.9015000000000000,4.83683,6.3374257142857143,-3.29897
1995-02-01,150.9,73.3025,5.9394736842105263,3.00167,6.2617190000000000,-6.46766
1995-03-01,151.2,73.4081,5.9104347826086957,0.10793,6.2686821739130435,-5.09119
1995-04-01,151.8,73.3612,5.8378947368421053,7.11590,6.2361111111111111,1.44115
1995-05-01,152.1,73.6104,5.8477272727272727,-0.65425,6.1250000000000000,3.70955
1995-06-01,152.4,73.8602,5.6390909090909091,-6.68693,6.0058590909090909,-2.51142
1995-07-01,152.6,73.5664,5.5930000000000000,-6.08035,5.8978795238095238,14.05152
1995-08-01,152.9,74.4950,5.5656521739130435,4.21965,5.9021663636363636,-3.08008
1995-09-01,153.1,74.7937,5.4340000000000000,1.10926,5.8642114285714286,-3.31921
1995-10-01,153.5,74.7017,5.4442857142857143,-4.33352,5.9375000000000000,0.00000
1995-11-01,153.7,74.8897,5.5180952380952381,3.15367,5.8774859090909091,6.06282
1995-12-01,153.9,75.1755,5.2940000000000000,5.83658,5.7652142105263158,-1.44628
1996-01-01,154.7,74.6841,5.1504761904761905,-0.84034,5.5427918181818182,2.51572
1996-02-01,155.0,75.8344,4.9645000000000000,1.00636,5.2751114285714286,1.63599
1996-03-01,155.5,75.7631,5.0976190476190476,12.00839,5.3941600000000000,-4.49363
1996-04-01,156.1,76.4562,5.0877272727272727,10.34644,5.4939465000000000,6.46067
1996-05-01,156.4,77.0161,5.1536363636363636,-9.84302,5.4966519047619048,-0.79156
1996-06-01,156.7,77.6669,5.2315000000000000,-3.76471,5.5697275000000000,-2.46011
1996-07-01,157.0,77.5662,5.2981818181818182,4.25428,5.6402856521739130,0.34083
1996-08-01,157.2,78.0160,5.1890909090909091,3.00188,5.5273438095238095,5.77446
1996-09-01,157.7,78.5532,5.2375000000000000,9.24408,5.6177457142857143,-5.26654
1996-10-01,158.2,78.5065,5.1231818181818182,3.79325,5.5448373913043478,-5.62712
1996-11-01,158.7,79.1996,5.1694736842105263,-4.77912,5.5000000000000000,6.96839
1996-12-01,159.1,79.7143,5.0404761904761905,7.08562,5.5517585000000000,-7.99194
1997-01-01,159.4,79.8273,5.1657142857142857,-0.86648,5.5653409090909091,-1.09489
1997-02-01,159.7,80.7930,5.1421052631578947,-11.76003,5.5101570000000000,9.66790
1997-03-01,159.8,81.3340,5.2845000000000000,-5.49302,5.6245900000000000,-1.95155
1997-04-01,159.9,81.3531,5.3045454545454545,-6.05050,5.8300790909090909,2.40220
1997-05-01,159.9,81.8293,5.1966666666666667,5.62880,5.8191410000000000,-3.35121
1997-06-01,160.2,82.2285,5.0709523809523810,-7.96928,5.8418904761904762,3.60610
1997-07-01,160.4,82.8557,5.1945454545454545,2.39958,5.7450743478260870,-3.81526
1997-08-01,160.8,83.7214,5.2795238095238095,1.52827,5.7253910000000000,-3.27070
1997-09-01,161.2,84.4651,5.0847619047619048,-0.70246,5.7238990909090909,11.22302
1997-10-01,161.5,85.1918,5.1127272727272727,7.42799,5.7664743478260870,-1.68176
1997-11-01,161.7,85.9397,5.2811111111111111,-5.12700,5.8406250000000000,-0.65789
1997-12-01,161.8,86.2047,5.3045454545454545,-9.17204,5.9067604761904762,3.70861
1998-01-01,162.0,86.6474,5.1790000000000000,-8.78821,5.6495538095238095,-2.61814
1998-02-01,162.0,86.7612,5.2300000000000000,-3.88989,5.6335945000000000,3.86885
1998-03-01,162.0,86.8198,5.1618181818181818,-6.47572,5.6880327272727273,-1.07323
1998-04-01,162.2,87.1411,5.0828571428571429,2.79627,5.6892580000000000,-1.72304
1998-05-01,162.6,87.6952,5.1400000000000000,-3.75648,5.6922294736842105,-0.25974
1998-06-01,162.8,87.1450,5.1240909090909091,-8.07537,5.6894531818181818,6.83594
1998-07-01,163.2,86.8423,5.0945454545454545,3.07467,5.6888586956521739,3.47349
1998-08-01,163.4,88.6247,5.0409523809523810,-5.11364,5.6843750000000000,-4.94700
1998-09-01,163.5,88.4515,4.7390476190476190,11.90120,5.4996450000000000,-1.98265
1998-10-01,163.9,89.1677,4.0704761904761905,-3.74582,5.2731400000000000,8.40708
1998-11-01,164.1,89.1098,4.5310526315789474,-10.70188,5.3232452380952381,-3.20700
1998-12-01,164.4,89.4407,4.4968181818181818,-12.21790,5.2275676190476190,7.95181
1999-01-01,164.7,89.8594,4.4463157894736842,10.54965,5.0041485000000000,-2.45536
1999-02-01,164.7,90.3386,4.5552631578947368,-3.68885,4.9959925000000000,-4.46224
1999-03-01,164.8,90.4819,4.5665217391304348,22.06495,5.0051973913043478,2.39521
1999-04-01,165.9,90.7274,4.4090909090909091,18.28104,4.9982500000000000,-9.18129
1999-05-01,166.0,91.3520,4.6310000000000000,2.36448,5.0241094736842105,3.73471
1999-06-01,166.0,91.1994,4.7154545454545455,0.78873,5.1788068181818182,-3.22781
1999-07-01,166.7,91.7766,4.6857142857142857,12.18558,5.3095454545454545,7.05581
1999-08-01,167.1,92.1629,4.8736363636363636,5.92925,5.4499114285714286,-1.25824
1999-09-01,167.8,91.7740,4.8223809523809524,12.32361,5.5655681818181818,-0.78883
1999-10-01,168.1,92.9979,5.0235000000000000,-5.19263,6.1822919047619048,-1.65138
1999-11-01,168.4,93.4371,5.2275000000000000,10.29152,6.1025286363636364,2.48756
1999-12-01,168.8,94.1593,5.3568181818181818,4.44533,6.1265625000000000,3.64078
2000-01-01,169.3,94.1758,5.4990000000000000,4.21779,6.0391565000000000,-4.21546
2000-02-01,170.0,94.4557,5.7270000000000000,7.98381,6.0997619047619048,6.17359
2000-03-01,171.0,94.7980,5.8639130434782609,1.83986,6.1970382608695652,-7.65688
2000-04-01,170.9,95.4808,5.8215789473684211,-13.88424,6.3119100000000000,1.37157
2000-05-01,171.2,95.6435,5.9945454545454545,11.81041,6.7556547619047619,-3.13653
2000-06-01,172.2,95.7353,5.8618181818181818,10.59764,6.7901427272727273,-1.01587
2000-07-01,172.7,95.5906,6.1425000000000000,-6.47188,6.7318752380952381,-6.15779
2000-08-01,172.7,95.3112,6.2773913043478261,4.87068,6.6914490909090909,5.33151
2000-09-01,173.6,95.6790,6.1750000000000000,8.52018,6.6742266666666667,-2.20636
2000-10-01,173.9,95.3970,6.2947619047619048,-2.36128,6.7783531818181818,2.78699
2000-11-01,174.2,95.4229,6.3561904761904762,3.99033,6.7517350000000000,0.12912
2000-12-01,174.6,95.1573,5.9370000000000000,-17.26744,6.5451321052631579,-1.22502
2001-01-01,175.6,94.5448,5.2852380952380952,3.93535,5.6981818181818182,4.43864
2001-02-01,176.0,93.9398,5.0052631578947368,0.10142,5.3481565000000000,1.56250
2001-03-01,176.1,93.7201,4.5354545454545455,-8.00405,4.9639772727272727,-2.15385
2001-04-01,176.4,93.4469,3.9660000000000000,0.62408,4.6138815789473684,3.71069
2001-05-01,177.3,92.8760,3.7031818181818182,4.48741,4.1036609523809524,-2.66828
2001-06-01,177.7,92.3208,3.5652380952380952,-3.63128,3.8340780952380952,1.93146
2001-07-01,177.4,91.7933,3.5933333333333333,-4.16667,3.7511363636363636,2.07824
2001-08-01,177.4,91.6795,3.4378260869565217,3.85633,3.5660227272727273,-6.16766
2001-09-01,178.1,91.3289,2.6923529411764706,-5.78813,3.0345630000000000,-0.31908
2001-10-01,177.6,90.9315,2.1977272727272727,-14.18083,2.4000543478260870,-1.40845
2001-11-01,177.5,90.4860,1.9065000000000000,-11.43629,2.1029836363636364,4.02597
2001-12-01,177.4,90.5073,1.7200000000000000,-1.72852,1.9243094736842105,-2.12235
2002-01-01,177.7,91.0794,1.6847619047619048,1.75892,1.8205972727272727,8.29082
2002-02-01,178.0,91.0553,1.7568421052631579,5.43976,1.9031875000000000,7.71496
2002-03-01,178.5,91.7980,1.8250000000000000,17.74349,1.9878750000000000,-10.22417
2002-04-01,179.3,92.1771,1.7450000000000000,7.57576,1.9669642857142857,-3.04507
2002-05-01,179.5,92.5668,1.7604545454545455,2.85497,1.9045454545454545,10.80402
2002-06-01,179.6,93.4476,1.7320000000000000,-5.55144,1.8776055555555556,-2.66440
2002-07-01,180.0,93.2237,1.7136363636363636,5.56426,1.8484513043478261,-3.61095
2002-08-01,180.5,93.2359,1.6472727272727273,5.34521,1.7748514285714286,-1.32931
2002-09-01,180.8,93.3654,1.6590000000000000,4.54545,1.8046142857142857,10.47152
2002-10-01,181.2,93.0834,1.6100000000000000,-2.76373,1.7845386956521739,-8.64745
2002-11-01,181.5,93.5693,1.2547368421052632,-8.94281,1.4558780952380952,6.37136
2002-12-01,181.8,93.1103,1.2109523809523810,11.99086,1.4072500000000000,1.99658
2003-01-01,182.600,93.8198,1.1890476190476190,11.96465,1.3660518181818182,3.63535
2003-02-01,183.600,93.9532,1.1852631578947368,8.89496,1.3433440000000000,-12.08851
2003-03-01,183.900,93.7358,1.1509523809523810,-6.46780,1.2862357142857143,5.95457
2003-04-01,183.200,93.0657,1.1523809523809524,-15.79732,1.3004690000000000,-4.80881
2003-05-01,182.900,93.0918,1.0880952380952381,-0.38938,1.2845000000000000,6.57334
2003-06-01,183.100,93.2476,0.93619047619047619048,9.16844,1.1225300000000000,6.62479
2003-07-01,183.700,93.6582,0.92045454545454545455,0.13021,1.1095386956521739,1.60686
2003-08-01,184.5,93.5246,0.96904761904761904762,2.69831,1.1348440000000000,-3.37375
2003-09-01,185.100,94.0751,0.95523809523809523810,-10.44634,1.1424577272727273,5.78287
2003-10-01,184.9,94.2079,0.94181818181818181818,7.21103,1.1583704347826087,1.44404
2003-11-01,185.000,94.9338,0.95222222222222222222,2.50577,1.1723445000000000,5.89731
2003-12-01,185.500,94.8662,0.91454545454545454545,3.40946,1.1703280952380952,-1.24820
2004-01-01,186.300,95.1085,0.90050000000000000000,6.59409,1.1281547619047619,-7.09772
2004-02-01,186.700,95.6847,0.94473684210526315789,1.37146,1.1240940000000000,-3.40136
2004-03-01,187.100,95.2088,0.95347826086956521739,5.81462,1.1121739130434783,8.23402
2004-04-01,187.400,95.6385,0.95809523809523809524,-0.19042,1.1519380000000000,0.25025
2004-05-01,188.200,96.3966,1.03950000000000000000,9.78468,1.2533226315789474,-1.09835
2004-06-01,188.900,95.6019,1.2880952380952381,-5.61072,1.5005972727272727,-7.72337
2004-07-01,189.100,96.3385,1.3576190476190476,7.02262,1.6280400000000000,9.51860
2004-08-01,189.200,96.4095,1.5031818181818182,10.44483,1.7291666666666667,1.09890
2004-09-01,189.800,96.4907,1.6814285714285714,2.24744,1.9038927272727273,-5.87945
2004-10-01,190.8,97.4094,1.7945000000000000,15.62568,2.0825004761904762,8.76640
2004-11-01,191.700,97.6137,2.1075000000000000,-8.78976,2.3061081818181818,-13.99614
2004-12-01,191.700,98.3318,2.2227272727272727,-10.58605,2.4991371428571429,14.59035
2005-01-01,191.600,98.7845,2.3710000000000000,8.10062,2.6667500000000000,4.99510
2005-02-01,192.400,99.4639,2.5794736842105263,2.41247,2.8195010000000000,2.93843
2005-03-01,193.100,99.3061,2.7959090909090909,13.21659,3.0235119047619048,-15.54146
2005-04-01,193.700,99.4734,2.8366666666666667,-2.33843,3.1532628571428571,10.56867
2005-05-01,193.600,99.6033,2.9019047619047619,-6.05204,3.2740195000000000,-1.74672
2005-06-01,193.700,99.9853,3.0363636363636364,12.90387,3.4262513636363636,2.12346
2005-07-01,194.900,99.6692,3.2875000000000000,4.33701,3.6130247619047619,-0.67698
2005-08-01,196.100,99.9435,3.5182608695652174,10.68143,3.7990240909090909,1.99611
2005-09-01,198.800,98.0779,3.4942857142857143,0.92350,3.9057177272727273,2.67303
2005-10-01,199.100,99.3149,3.7925000000000000,-4.88028,4.1674004761904762,-3.99814
2005-11-01,198.100,100.3216,3.9745000000000000,-6.52557,4.3522340909090909,3.97094
2005-12-01,198.100,100.9437,3.9709523809523810,1.93825,4.4910015000000000,-7.12622
2006-01-01,199.300,101.0627,4.3360000000000000,10.23052,4.6052685714285714,13.99198
2006-02-01,199.400,101.0669,4.5394736842105263,-5.92276,4.7555470000000000,-6.77519
2006-03-01,199.700,101.2751,4.6278260869565217,2.06068,4.9202913043478261,-7.07881
2006-04-01,200.700,101.6813,4.7215789473684211,10.79491,5.0711538888888889,-7.51651
2006-05-01,201.300,101.5790,4.8363636363636364,1.79366,5.1855109523809524,6.64470
2006-06-01,201.800,101.9693,4.9177272727272727,0.02819,5.3848031818181818,-7.20906
2006-07-01,202.900,101.9319,5.0765000000000000,4.86189,5.4953285714285714,-3.60710
2006-08-01,203.800,102.3327,5.0904347826086957,-1.82771,5.4206972727272727,-5.00864
2006-09-01,202.800,102.1252,4.9300000000000000,-12.56674,5.3836647619047619,4.24242
2006-10-01,201.900,102.0668,5.0461904761904762,-7.81274,5.3733400000000000,-13.31395
2006-11-01,202.000,101.9688,5.0733333333333333,0.83220,5.3720786363636364,5.29846
2006-12-01,203.100,103.0292,4.9730000000000000,4.48038,5.3599684210526316,5.03185
2007-01-01,203.437,102.4933,5.1052380952380952,-12.02644,5.3600113636363636,-14.55428
2007-02-01,204.226,103.5264,5.1631578947368421,8.59447,5.3594065000000000,5.03903
2007-03-01,205.288,103.7521,5.0800000000000000,2.19372,5.3471454545454545,1.01351
2007-04-01,205.904,104.4814,5.0066666666666667,5.63078,5.3547642105263158,-0.33445
2007-05-01,206.755,104.5322,4.8677272727272727,-0.79725,5.3589142857142857,-5.03356
2007-06-01,207.234,104.5617,4.7419047619047619,6.33470,5.3600000000000000,2.33216
2007-07-01,207.603,104.5227,4.9609523809523810,9.92887,5.3596550000000000,-6.49171
2007-08-01,207.667,104.7556,4.3169565217391304,-2.41305,5.4827063636363636,-1.77253
2007-09-01,208.547,105.1611,3.9942105263157895,10.41580,5.4939390000000000,-11.05263
2007-10-01,209.190,104.7171,4.0027272727272727,7.84436,5.1465226086956522,6.84700
2007-11-01,210.834,105.3338,3.3545000000000000,9.76798,4.9620750000000000,-5.30063
2007-12-01,211.445,105.3457,3.0665000000000000,-3.05432,4.9794089473684211,-13.36675
2008-01-01,212.174,105.0619,2.8200000000000000,1.32999,3.9176431818181818,4.53230
2008-02-01,212.687,104.7094,2.1740000000000000,2.58203,3.0875904761904762,1.75277
2008-03-01,213.448,104.4616,1.2835000000000000,10.70792,2.7825010526315789,-8.88486
2008-04-01,213.942,103.6704,1.3118181818181818,6.64077,2.7946600000000000,0.79602
2008-05-01,215.208,103.0863,1.7642857142857143,11.38847,2.6923780000000000,-3.94867
2008-06-01,217.463,102.8445,1.8904761904761905,6.81075,2.7653895238095238,7.50257
2008-07-01,219.016,102.3002,1.6550000000000000,-0.36586,2.7923391304347826,-11.75908
2008-08-01,218.690,100.7353,1.7528571428571429,-12.61241,2.8062525000000000,-8.55905
2008-09-01,218.877,96.3666,1.1466666666666667,-10.89958,3.1216772727272727,-2.84360
2008-10-01,216.995,97.2832,0.68590909090909090909,-26.22714,4.0585869565217391,-5.24390
2008-11-01,213.153,96.0605,0.19388888888888888889,-25.06197,2.2790630000000000,-16.08752
2008-12-01,211.398,93.2521,0.03409090909090909091,-28.58635,1.8293457142857143,-14.11043
2009-01-01,211.933,91.0373,0.12950000000000000000,1.75524,1.2108052380952381,-12.50000
2009-02-01,212.705,90.4502,0.29526315789473684211,-6.18112,1.2426270000000000,18.77551
2009-03-01,212.495,89.0160,0.21590909090909090909,22.52298,1.2667372727272727,-13.23024
2009-04-01,212.709,88.3056,0.15809523809523809524,3.77241,1.1062215000000000,-5.34653
2009-05-01,213.022,87.4155,0.17700000000000000000,18.81904,0.81503421052631578947,12.97071
2009-06-01,214.790,87.0742,0.17863636363636363636,17.78229,0.62071227272727272727,8.33333
2009-07-01,214.726,88.0323,0.18363636363636363636,-8.02239,0.51532782608695652174,1.53846
2009-08-01,215.445,89.0190,0.17190476190476190476,10.87533,0.42451850000000000000,-1.34680
2009-09-01,215.861,89.6926,0.12333333333333333333,-2.25162,0.29794909090909090909,-0.17065
2009-10-01,216.509,89.9797,0.07428571428571428571,9.15635,0.28308227272727272727,-8.71795
2009-11-01,217.234,90.3375,0.05210526315789473684,2.98074,0.26814095238095238095,10.11236
2009-12-01,217.347,90.6132,0.05454545454545454545,-4.84119,0.25304619047619047619,-1.19048
2010-01-01,217.488,91.6642,0.06157894736842105263,5.27591,0.25011950000000000000,5.67986
2010-02-01,217.281,91.9940,0.10894736842105263158,-2.30120,0.25051950000000000000,-1.62866
2010-03-01,217.353,92.5993,0.15043478260869565217,6.30725,0.26842478260869565217,5.29801
2010-04-01,217.403,92.9436,0.16227272727272727273,3.98818,0.31160650000000000000,8.01887
2010-05-01,217.290,94.2997,0.16000000000000000000,-12.59470,0.45851421052631578947,-15.13828
2010-06-01,217.199,94.4397,0.12363636363636363636,2.04496,0.53689863636363636364,-8.06175
2010-07-01,217.605,94.8536,0.15761904761904761905,1.35368,0.51032772727272727273,1.86567
2010-08-01,217.923,95.1448,0.15500000000000000000,0.58924,0.36254666666666666667,9.70696
2010-09-01,218.275,95.3637,0.15190476190476190476,-1.96563,0.29136590909090909091,-0.83472
2010-10-01,219.035,95.1109,0.13450000000000000000,8.75050,0.28884000000000000000,-8.58586
2010-11-01,219.590,95.1383,0.14300000000000000000,2.73504,0.28712045454545454545,0.36832
2010-12-01,220.472,96.0599,0.14090909090909090909,5.82363,0.30272333333333333333,-1.10092
2011-01-01,221.187,95.9364,0.15200000000000000000,0.42677,0.30341050000000000000,16.88312
2011-02-01,221.898,95.5154,0.13210526315789473684,0.17893,0.31190000000000000000,-17.93651
2011-03-01,223.046,96.4643,0.10043478260869565217,14.91404,0.30843478260869565217,16.05416
2011-04-01,224.093,96.1187,0.05850000000000000000,6.89722,0.28138222222222222222,-7.66667
2011-05-01,224.806,96.3377,0.04095238095238095238,-7.91530,0.26071300000000000000,1.26354
2011-06-01,224.806,96.6154,0.03727272727272727273,-4.97385,0.24782409090909090909,8.37790
2011-07-01,225.395,97.1292,0.03750000000000000000,0.93468,0.24991190476190476190,2.46711
2011-08-01,226.106,97.6731,0.02434782608695652174,-11.17399,0.29323772727272727273,-6.09952
2011-09-01,226.597,97.6494,0.01380952380952380952,-0.83401,0.35022681818181818182,11.11111
2011-10-01,226.750,98.3222,0.01900000000000000000,0.93447,0.40647857142857142857,-6.15385
2011-11-01,227.169,98.2433,0.01400000000000000000,12.49855,0.47529181818181818182,16.55738
2011-12-01,227.223,98.7876,0.01142857142857142857,1.39903,0.55573750000000000000,-2.39100
2012-01-01,227.842,99.3925,0.03450000000000000000,1.69423,0.56590000000000000000,4.17867
2012-02-01,228.329,99.6203,0.09200000000000000000,2.00519,0.50324047619047619048,-2.62794
2012-03-01,228.807,99.1551,0.08409090909090909091,3.85330,0.47328863636363636364,-1.27841
2012-04-01,229.187,99.9006,0.08380952380952380952,-2.69329,0.46680789473684210526,8.34532
2012-05-01,228.713,100.0924,0.08954545454545454545,-8.35188,0.46653181818181818182,-5.97610
2012-06-01,228.524,100.0728,0.09142857142857142857,-12.97782,0.46558684210526315789,6.92090
2012-07-01,228.590,100.3354,0.09714285714285714286,6.69822,0.45355454545454545455,-2.24571
2012-08-01,229.918,99.8560,0.10260869565217391304,7.08518,0.43260000000000000000,1.89189
2012-09-01,231.015,99.9049,0.10526315789473684211,0.59473,0.38563250000000000000,12.33422
2012-10-01,231.638,100.1167,0.10476190476190476190,-5.43708,0.33048913043478260870,8.02834
2012-11-01,231.249,100.5991,0.09350000000000000000,-3.24886,0.31102272727272727273,-8.96175
2012-12-01,231.221,100.9542,0.07000000000000000000,1.83476,0.30947368421052631579,17.16687
2013-01-01,231.679,100.8204,0.07428571428571428571,7.29745,0.30261363636363636364,-9.01639
2013-02-01,232.937,101.3995,0.09894736842105263158,0.66533,0.29049500000000000000,8.33333
2013-03-01,232.282,101.8114,0.08700000000000000000,-2.38145,0.28190000000000000000,4.98960
2013-04-01,231.797,101.6364,0.06000000000000000000,-1.05320,0.27714285714285714286,-17.32673
2013-05-01,231.893,101.7476,0.04409090909090909091,2.96514,0.27416904761904761905,11.37725
2013-06-01,232.445,101.9549,0.05050000000000000000,1.05485,0.27374000000000000000,-9.78495
2013-07-01,232.900,101.5204,0.03545454545454545455,9.25887,0.26758260869565217391,4.88677
2013-08-01,233.456,102.1907,0.04363636363636363636,1.81523,0.26339523809523809524,4.20455
2013-09-01,233.544,102.7170,0.01600000000000000000,-0.26274,0.25317857142857142857,-7.30643
2013-10-01,233.669,102.5371,0.04727272727272727273,-5.40973,0.24176521739130434783,8.82353
2013-11-01,234.100,102.8379,0.06789473684210526316,-6.64412,0.23824523809523809524,18.91892
2013-12-01,234.719,103.1504,0.06666666666666666667,4.01662,0.24389750000000000000,-8.90909
2014-01-01,235.288,102.7216,0.04333333333333333333,-3.08307,0.23822954545454545455,-11.37725
2014-02-01,235.547,103.5917,0.05263157894736842105,6.55253,0.23520250000000000000,6.30631
2014-03-01,236.028,104.5889,0.05238095238095238095,-0.01984,0.23409761904761904762,2.75424
2014-04-01,236.468,104.6371,0.03095238095238095238,1.25992,0.22749500000000000000,7.52577
2014-05-01,236.918,105.0152,0.03238095238095238095,0.10777,0.22609000000000000000,-3.45158
2014-06-01,237.231,105.4081,0.03571428571428571429,3.53298,0.23094523809523809524,-9.53327
2014-07-01,237.498,105.6157,0.02636363636363636364,-2.07959,0.23417391304347826087,19.09989
2014-08-01,237.460,105.4986,0.03285714285714285714,-6.80568,0.23465000000000000000,-9.30876
2014-09-01,237.477,105.8138,0.02000000000000000000,-3.44935,0.23403181818181818182,3.96341
2014-10-01,237.430,105.8357,0.01681818181818181818,-9.45178,0.23137608695652173913,4.98534
2014-11-01,236.983,106.6634,0.02166666666666666667,-10.20142,0.23286250000000000000,-6.79702
2014-12-01,236.252,106.5085,0.02909090909090909091,-21.77068,0.24460714285714285714,7.19281
2015-01-01,234.747,105.9806,0.02750000000000000000,-20.35756,0.25431904761904761905,1.11836
2015-02-01,235.342,105.4425,0.01789473684210526316,7.11563,0.25842000000000000000,-18.34101
2015-03-01,235.976,105.1464,0.02772727272727272727,-5.45670,0.26829772727272727273,8.35214
2015-04-01,236.222,104.5272,0.02318181818181818182,13.86449,0.27596000000000000000,23.95833
2015-05-01,237.001,104.0742,0.01650000000000000000,8.85216,0.27953684210526315789,-9.32773
2015-06-01,237.657,103.7174,0.01500000000000000000,0.92796,0.28271136363636363636,11.67748
2015-07-01,238.034,104.3243,0.03227272727272727273,-14.91140,0.29066956521739130435,-4.89627
2015-08-01,238.033,104.1621,0.07190476190476190476,-15.77603,0.32079750000000000000,-1.39616
2015-09-01,237.498,103.7768,0.02428571428571428571,6.08817,0.33111136363636363636,8.31858
2015-10-01,237.733,103.3976,0.01666666666666666667,1.62709,0.32135909090909090909,-13.56209
2015-11-01,238.017,102.6866,0.12631578947368421053,-8.17828,0.37097142857142857143,10.77505
2015-12-01,237.761,102.1014,0.22863636363636363636,-12.37041,0.53323571428571428571,-2.21843
2016-01-01,237.827,102.9525,0.25736842105263157895,-14.81581,0.61955250000000000000,-3.75218
2016-02-01,237.514,102.2225,0.31450000000000000000,-4.29293,0.62271904761904761905,9.06618
2016-03-01,237.990,101.4155,0.29727272727272727273,23.84565,0.63200000000000000000,-7.39817
2016-04-01,238.835,101.5167,0.22809523809523809524,8.52197,0.63275000000000000000,3.94973
2016-05-01,239.440,101.4298,0.27666666666666666667,14.62577,0.64477250000000000000,-2.33161
2016-06-01,240.144,101.8747,0.27272727272727272727,4.38878,0.65162045454545454545,6.10080
2016-07-01,240.111,102.1325,0.30100000000000000000,-8.42904,0.69630952380952380952,3.75000
2016-08-01,240.595,102.0407,0.29956521739130434783,0.15677,0.81022318181818181818,-7.22892
2016-09-01,241.068,102.0477,0.29428571428571428571,1.02862,0.84968045454545454545,-7.18615
2016-10-01,241.641,102.2485,0.33150000000000000000,10.18150,0.87868285714285714286,23.22761
2016-11-01,241.993,102.0507,0.45250000000000000000,-8.27642,0.90846409090909090909,-12.94474
2016-12-01,242.712,102.9281,0.51190476190476190476,13.81954,0.97532850000000000000,10.17391
2017-01-01,243.717,103.0366,0.51900000000000000000,1.01982,1.02569285714285714286,-4.81452
2017-02-01,244.028,102.6479,0.52631578947368421053,1.84762,1.04459650000000000000,6.30182
2017-03-01,243.721,103.3430,0.74782608695652173913,-7.74266,1.1347130434782609,-7.48830
2017-04-01,244.058,104.2721,0.80842105263157894737,3.50699,1.1590305555555556,-3.03541
2017-05-01,243.926,104.4129,0.90318181818181818182,-5.05288,1.1858495238095238,-2.34783
2017-06-01,244.179,104.5849,0.99909090909090909091,-6.80693,1.2624095454545455,10.68566
2017-07-01,244.328,104.5427,1.0865000000000000,3.20938,1.3075128571428571,-2.89622
2017-08-01,245.304,104.0475,1.03217391304347826087,3.02380,1.3141768181818182,-3.64540
2017-09-01,246.445,104.0502,1.04650000000000000000,3.70525,1.3232957142857143,0.94583
2017-10-01,246.570,105.6287,1.0933333333333333,3.53272,1.3607931818181818,6.98467
2017-11-01,247.333,106.1930,1.2504761904761905,9.81000,1.4342040909090909,3.50318
2017-12-01,247.847,106.5360,1.3415000000000000,2.18927,1.6017521052631579,-7.76923
2018-01-01,248.816,106.2655,1.4323809523809524,10.05529,1.7339709090909091,9.59133
2018-02-01,249.475,106.6419,1.5878947368421053,-2.30769,1.8746720000000000,-1.97869
2018-03-01,249.413,107.2519,1.7266666666666667,0.80347,2.1733576190476190,3.64907
2018-04-01,249.957,108.2223,1.7880952380952381,5.61135,2.3494260000000000,-4.94382
2018-05-01,250.640,107.3639,1.8995454545454545,5.63019,2.3356085714285714,5.12214
2018-06-01,251.176,108.1707,1.9352380952380952,-3.01515,2.3302642857142857,-10.79460
2018-07-01,251.482,108.6520,1.9947619047619048,4.58229,2.3391181818181818,0.42017
2018-08-01,251.905,109.5246,2.0726086956521739,-4.11383,2.3235750000000000,7.11297
2018-09-01,252.261,109.6749,2.1652631578947368,3.18836,2.3494270000000000,-2.65625
2018-10-01,252.777,109.9165,2.2931818181818182,0.74042,2.4606265217391304,-3.13002
2018-11-01,252.662,110.5067,2.3740000000000000,-19.49117,2.6491840909090909,-0.24855
2018-12-01,252.653,110.5516,2.4121052631578947,-13.06180,2.7877421052631579,-7.22591
2019-01-01,252.550,110.1185,2.4238095238095238,3.75606,2.7741777272727273,13.87645
2019-02-01,253.181,109.5631,2.4378947368421053,6.94823,2.6766780000000000,-10.61321
2019-03-01,254.095,109.6811,2.4538095238095238,5.82348,2.6056747619047619,5.80475
2019-04-01,254.943,108.9888,2.4328571428571429,9.81943,2.5895395000000000,5.32003
2019-05-01,255.167,109.2264,2.4031818181818182,-4.74475,2.5316809523809524,0.07893
2019-06-01,255.402,109.2774,2.2195000000000000,-10.14302,2.3974965000000000,-2.60252
2019-07-01,256.087,109.0852,2.1450000000000000,4.92133,2.2936543478260870,-1.86235
2019-08-01,256.294,109.8543,1.9904545454545455,-4.42895,2.1647938095238095,13.61386
2019-09-01,256.593,109.4725,1.9345000000000000,3.90440,2.1251823809523810,-7.48003
2019-10-01,257.229,109.0270,1.6786363636363636,-5.25022,1.9774213043478261,5.18053
2019-11-01,257.824,110.0388,1.5721052631578947,5.68940,1.9048119047619048,2.31343
2019-12-01,258.444,109.6527,1.5652380952380952,4.99737,1.9075775000000000,15.75492
2020-01-01,258.820,109.2128,1.5523809523809524,-3.94122,1.8197300000000000,1.89036
2020-02-01,259.050,109.3608,1.5447368421052632,-12.13491,1.6789340000000000,-3.09215
2020-03-01,257.953,104.3554,0.29545454545454545455,-42.20419,1.1023554545454545,-19.01723
2020-04-01,255.902,91.2823,0.13809523809523809524,-43.34132,1.0918845000000000,-26.39874
2020-05-01,255.768,92.5503,0.12750000000000000000,72.56798,0.40417315789473684211,4.28266
2020-06-01,.,.,0.15954545454545454545,33.96359,0.31065238095238095238,.
2020-07-01,.,.,.,.,.,.
