DATE,CPIAUCSL,INDPRO,DGS3MO,WTISPLC_PCH,USD3MTD156N,HOUST_PCH,UNRATE,BAMLC0A4CBBBEY,BAMLC0A1CAAAEY,DGS10,THREEFFTP10_PCH,DGS5,DGS2,DGS1,DGS1MO
1962-02-01,30.11,25.8097,.,0,.,-6.09846,5.5,.,.,4.039444444,.,3.892777778,.,3.283888889,.
1962-03-01,30.17,25.9482,.,0,.,12.9108,5.6,.,.,3.930454545,.,3.684545455,.,3.058181818,.
1962-04-01,30.21,26.0035,.,0,.,5.61331,5.6,.,.,3.843,.,3.5995,.,2.9875,.
1962-05-01,30.24,25.9758,.,0,.,-2.69029,5.5,.,.,3.873636364,.,3.656363636,.,3.025909091,.
1962-06-01,30.21,25.9205,.,0,.,-5.32704,5.5,.,.,3.909047619,.,3.635714286,.,3.028095238,.
1962-07-01,30.22,26.1697,.,0,.,3.27635,5.4,.,.,4.014285714,.,3.803333333,.,3.29047619,.
1962-08-01,30.28,26.1974,.,0,.,4.62069,5.7,.,.,3.975652174,.,3.712173913,.,3.199130435,.
1962-09-01,30.42,26.3635,.,0,.,-12.72248,5.6,.,.,3.978947368,.,3.701578947,.,3.060526316,.
1962-10-01,30.38,26.3912,.,0,.,15.7855,5.4,.,.,3.925454545,.,3.635,.,2.975,.
1962-11-01,30.38,26.502,.,0,.,5.80561,5.7,.,.,3.915789474,.,3.599473684,.,3.002105263,.
1962-12-01,30.38,26.502,.,0,.,-3.57583,5.5,.,.,3.8645,.,3.561,.,3.006,.
1963-01-01,30.44,26.6958,.,0,.,-20.46036,5.7,.,.,3.833636364,.,3.578636364,.,3.038636364,.
1963-02-01,30.48,27.0005,.,0,.,17.0418,5.9,.,.,3.921111111,.,3.66,.,3.010555556,.
1963-03-01,30.51,27.1666,.,0,.,5.35714,5.7,.,.,3.928571429,.,3.683809524,.,3.031428571,.
1963-04-01,30.48,27.4159,.,0,.,10.1043,5.7,.,.,3.970952381,.,3.738095238,.,3.114761905,.
1963-05-01,30.51,27.7482,.,0,.,-2.84192,5.9,.,.,3.93,.,3.715909091,.,3.117272727,.
1963-06-01,30.61,27.8313,.,0,.,-3.22974,5.6,.,.,3.993,.,3.814,.,3.197,.
1963-07-01,30.69,27.7205,.,0,.,1.63728,5.6,.,.,4.020454545,.,3.892272727,.,3.475,.
1963-08-01,30.75,27.7759,.,0,.,1.54895,5.4,.,.,4.002272727,.,3.888636364,.,3.533636364,.
1963-09-01,30.72,28.0528,.,0,.,7.56559,5.5,.,.,4.0775,.,3.956,.,3.574,.
1963-10-01,30.75,28.2466,.,0,.,0.90754,5.5,.,.,4.106086957,.,3.969565217,.,3.639565217,.
1963-11-01,30.78,28.3851,.,0,.,-8.82518,5.7,.,.,4.121764706,.,4.012352941,.,3.740588235,.
1963-12-01,30.88,28.3297,.,0,.,-8.07645,5.5,.,.,4.128571429,.,4.042857143,.,3.811428571,.
1964-01-01,30.94,28.579,.,0,.,7.51174,5.6,.,.,4.166818182,.,4.068636364,.,3.792272727,.
1964-02-01,30.91,28.7728,.,0,.,13.53712,5.4,.,.,4.145555556,.,4.034444444,.,3.782222222,.
1964-03-01,30.94,28.7728,.,0,.,-16.64835,5.4,.,.,4.21952381,.,4.138571429,.,3.912857143,.
1964-04-01,30.95,29.2436,.,0,.,-4.54845,5.3,.,.,4.232272727,.,4.154545455,.,3.91,.
1964-05-01,30.98,29.4098,.,0,.,1.31215,5.1,.,.,4.2,.,4.0495,.,3.839,.
1964-06-01,31.01,29.4928,.,0,.,5.65781,5.2,.,.,4.17,.,4.018636364,.,3.833181818,.
1964-07-01,31.02,29.6867,.,-1.6835,.,0.77419,4.9,.,.,4.185909091,.,4.026818182,.,3.715,.
1964-08-01,31.05,29.8805,.,0,.,0.44814,5,.,.,4.193809524,.,4.054285714,.,3.743809524,.
1964-09-01,31.08,29.9913,.,0,.,-7.26577,5.1,.,.,4.203809524,.,4.076190476,.,3.84047619,.
1964-10-01,31.12,29.5759,.,0,.,4.74227,5.1,.,.,4.188095238,.,4.06952381,.,3.863809524,.
1964-11-01,31.21,30.4898,.,0,.,-2.49344,4.8,.,.,4.152777778,.,4.041666667,.,3.907777778,.
1964-12-01,31.25,30.8498,.,0,.,-0.13459,5,.,.,4.179545455,.,4.086363636,.,4.021818182,.
1965-01-01,31.28,31.1821,.,0,.,-8.28841,4.9,.,.,4.1895,.,4.1025,.,3.942,.
1965-02-01,31.28,31.376,.,0,.,5.29023,5.1,.,.,4.211111111,.,4.146666667,.,4.027222222,.
1965-03-01,31.31,31.7913,.,0,.,-0.69784,4.7,.,.,4.210434783,.,4.149565217,.,4.063478261,.
1965-04-01,31.38,31.9298,.,0,.,1.05411,4.8,.,.,4.203809524,.,4.151428571,.,4.036666667,.
1965-05-01,31.48,32.179,.,0,.,2.78164,4.6,.,.,4.2115,.,4.1485,.,4.0305,.
1965-06-01,31.61,32.4283,.,0,.,0.67659,4.6,.,.,4.213181818,.,4.148181818,.,3.989545455,.
1965-07-01,31.58,32.7329,.,0,.,2.75538,4.4,.,.,4.204761905,.,4.150952381,.,3.984761905,.
1965-08-01,31.55,32.8713,.,0,.,-6.34402,4.4,.,.,4.252272727,.,4.203181818,.,4.068636364,.
1965-09-01,31.62,32.9544,.,0,.,3.49162,4.3,.,.,4.29047619,.,4.250952381,.,4.204761905,.
1965-10-01,31.65,33.2868,.,0,.,-2.02429,4.2,.,.,4.3495,.,4.3395,.,4.298,.
1965-11-01,31.75,33.4252,.,0,.,0.55096,4.1,.,.,4.448947368,.,4.461052632,.,4.374736842,.
1965-12-01,31.85,33.8406,.,0,.,13.42466,4,.,.,4.615454545,.,4.720454545,.,4.717272727,.
1966-01-01,31.88,34.1729,.,0,.,-17.27053,4,.,.,4.612380952,.,4.861428571,.,4.876666667,.
1966-02-01,32.08,34.3945,.,0,.,0.58394,3.8,.,.,4.832105263,.,4.984210526,.,4.942105263,.
1966-03-01,32.18,34.8652,.,0,.,1.1611,3.8,.,.,4.873478261,.,4.920434783,.,4.970434783,.
1966-04-01,32.28,34.9206,.,0,.,-3.01291,3.8,.,.,4.75,.,4.831,.,4.8995,.
1966-05-01,32.35,35.2529,.,0,.,-6.43491,3.9,.,.,4.778571429,.,4.885714286,.,4.934761905,.
1966-06-01,32.38,35.4191,.,0,.,-5.61265,3.8,.,.,4.814545455,.,4.972272727,.,4.965454545,.
1966-07-01,32.45,35.6129,.,0,.,-9.04523,3.8,.,.,5.018,.,5.1695,.,5.1725,.
1966-08-01,32.65,35.6406,.,0,.,3.03867,3.8,.,.,5.224347826,.,5.503478261,.,5.544347826,.
1966-09-01,32.75,35.9729,.,1.71233,.,-6.52368,3.7,.,.,5.182380952,.,5.495714286,.,5.821904762,.
1966-10-01,32.85,36.2221,.,0,.,-19.40727,3.7,.,.,5.0115,.,5.2675,.,5.5795,.
1966-11-01,32.88,35.9729,.,0,.,13.99763,3.6,.,.,5.155263158,.,5.363684211,.,5.542105263,.
1966-12-01,32.92,36.056,.,0,.,3.01769,3.8,.,.,4.842857143,.,5.003809524,.,5.204761905,.
1967-01-01,32.9,36.2261,.,0,.,7.77778,3.9,.,.,4.579047619,.,4.703809524,.,4.746190476,.
1967-02-01,33,35.8152,.,1.0101,.,5.24836,3.8,.,.,4.626666667,.,4.736666667,.,4.713333333,.
1967-03-01,33,35.6133,.,0,.,-5.96616,3.8,.,.,4.541818182,.,4.537727273,.,4.350909091,.
1967-04-01,33.1,35.9492,.,0,.,3.31439,3.8,.,.,4.5935,.,4.506,.,4.105,.
1967-05-01,33.1,35.6356,.,0,.,19.52337,3.8,.,.,4.847727273,.,4.748181818,.,4.154545455,.
1967-06-01,33.3,35.6311,.,0,.,-4.29448,3.9,.,.,5.022727273,.,5.013181818,.,4.475909091,.
1967-07-01,33.4,35.55,.,0,.,9.29487,3.8,.,.,5.159,.,5.225,.,5.009,.
1967-08-01,33.5,36.2311,.,2.33333,.,3.15249,3.8,.,.,5.275652174,.,5.312173913,.,5.130869565,.
1967-09-01,33.6,36.1723,.,0,.,0.99502,3.8,.,.,5.302,.,5.3985,.,5.2415,.
1967-10-01,33.7,36.4669,.,0,.,4.92611,4,.,.,5.480952381,.,5.567142857,.,5.374761905,.
1967-11-01,33.9,36.9884,.,0,.,3.15225,3.9,.,.,5.7535,.,5.775,.,5.6075,.
1967-12-01,34,37.3868,.,0,.,-14.95449,3.8,.,.,5.699,.,5.7545,.,5.7095,.
1968-01-01,34.1,37.3465,.,0,.,5.50459,3.7,.,.,5.528636364,.,5.536363636,.,5.428636364,.
1968-02-01,34.2,37.4804,.,0,.,10.14493,3.8,.,.,5.563684211,.,5.586315789,.,5.414736842,.
1968-03-01,34.3,37.5974,.,0,.,-3.55263,3.7,.,.,5.74,.,5.757142857,.,5.581428571,.
1968-04-01,34.4,37.6518,.,0,.,6.00273,3.5,.,.,5.6385,.,5.6945,.,5.7105,.
1968-05-01,34.5,38.0741,.,0,.,-9.39511,3.5,.,.,5.869545455,.,6.037727273,.,6.142272727,.
1968-06-01,34.7,38.214,.,0,.,-0.21307,3.7,.,.,5.718,.,5.8465,.,5.9825,.
1968-07-01,34.9,38.1554,.,0,.,7.61566,3.7,.,.,5.495454545,.,5.598636364,.,5.650909091,.
1968-08-01,35,38.2619,.,0,.,-1.12434,3.5,.,.,5.420454545,.,5.495,.,5.428181818,.
1968-09-01,35.1,38.4068,.,0,.,4.08027,3.4,.,.,5.46,.,5.476,.,5.445,.
1968-10-01,35.3,38.483,.,0,.,0.83548,3.4,.,.,5.582608696,.,5.553478261,.,5.570434783,.
1968-11-01,35.4,38.9808,.,0,.,3.88783,3.4,.,.,5.696111111,.,5.658888889,.,5.746111111,.
1968-12-01,35.6,39.1039,.,0,.,-5.03067,3.4,.,.,6.031904762,.,6.117142857,.,6.193333333,.
1969-01-01,35.7,39.3405,.,0,.,14.27649,3.4,.,.,6.041818182,.,6.25,.,6.339545455,.
1969-02-01,35.8,39.5922,.,0,.,-3.61786,3.4,.,.,6.188947368,.,6.341578947,.,6.412631579,.
1969-03-01,36.1,39.9027,.,5.86319,.,-8.44575,3.4,.,.,6.296,.,6.4105,.,6.3405,.
1969-04-01,36.3,39.7559,.,3.07692,.,-2.37028,3.4,.,.,6.173333333,.,6.296190476,.,6.257142857,.
1969-05-01,36.4,39.6056,.,0,.,3.87139,3.4,.,.,6.323333333,.,6.535238095,.,6.423809524,.
1969-06-01,36.6,39.9925,.,0,.,-3.47442,3.5,.,.,6.574285714,.,6.746666667,.,7.041904762,.
1969-07-01,36.8,40.2037,.,0,.,-10.4712,3.5,.,.,6.71952381,.,7.013333333,.,7.604285714,.
1969-08-01,36.9,40.2961,.,0,.,-0.73099,3.5,.,.,6.691428571,.,7.025238095,.,7.537619048,.
1969-09-01,37.1,40.287,.,0,.,10.97202,3.7,.,.,7.15952381,.,7.567142857,.,7.816666667,.
1969-10-01,37.3,40.2988,.,0,.,-8.36098,3.7,.,.,7.095454545,.,7.505454545,.,7.638636364,.
1969-11-01,37.5,39.9189,.,0,.,-11.00652,3.5,.,.,7.144117647,.,7.526470588,.,7.89,.
1969-12-01,37.7,39.8118,.,0,.,7.97396,3.5,.,.,7.654090909,.,7.960454545,.,8.166818182,.
1970-01-01,37.9,39.0746,.,0,.,-18.23662,3.9,.,.,7.794761905,.,8.165714286,.,8.102857143,.
1970-02-01,38.1,39.0488,.,0,.,20.2765,4.2,.,.,7.238333333,.,7.824444444,.,7.586666667,.
1970-03-01,38.3,38.9981,.,0,.,1.0728,4.4,.,.,7.072857143,.,7.21,.,6.965714286,.
1970-04-01,38.5,38.8979,.,0,.,-4.16983,4.6,.,.,7.390909091,.,7.501363636,.,7.055,.
1970-05-01,38.6,38.8525,.,0,.,2.05696,4.8,.,.,7.906190476,.,7.969047619,.,7.750952381,.
1970-06-01,38.8,38.7269,.,0,.,7.36434,4.9,.,.,7.841818182,.,7.853636364,.,7.548181818,.
1970-07-01,38.9,38.8219,.,-1.19403,.,9.53069,5,.,.,7.457272727,.,7.589545455,.,7.102272727,.
1970-08-01,39,38.7527,.,0,.,-7.77851,5.1,.,.,7.527142857,.,7.572380952,.,6.984761905,.
1970-09-01,39.2,38.4856,.,0,.,9.64975,5.4,.,.,7.38952381,.,7.294761905,.,6.727142857,.
1970-10-01,39.4,37.7157,.,0,.,2.9987,5.5,.,.,7.326666667,.,7.115238095,.,6.426190476,.
1970-11-01,39.6,37.4873,.,0,.,4.24051,5.9,.,.,6.841111111,.,6.468333333,.,5.511666667,.
1970-12-01,39.8,38.3482,.,7.55287,.,14.93625,6.1,.,.,6.391363636,.,5.950909091,.,4.997727273,.
1971-01-01,39.9,38.6432,.,0,.,-3.4337,5.9,.,.,6.2385,.,5.888,.,4.5675,.
1971-02-01,39.9,38.5695,.,0,.,-4.7593,5.9,.,.,6.112222222,.,5.562222222,.,3.885,.
1971-03-01,40,38.5278,.,0,.,9.70706,6,.,.,5.703478261,.,5.003913043,.,3.687391304,.
1971-04-01,40.1,38.7441,.,0,.,3.97906,5.9,.,.,5.833809524,.,5.652380952,.,4.304761905,.
1971-05-01,40.3,38.9407,.,0,.,3.17221,5.9,.,.,6.3925,.,6.282,.,5.036,.
1971-06-01,40.5,39.104,.,0,.,-1.1225,5.9,.,.,6.522272727,.,6.529545455,.,5.642727273,.
1971-07-01,40.6,38.9905,.,0,.,2.81343,6,.,.,6.72952381,.,6.85,.,6.041428571,.
1971-08-01,40.7,38.7642,.,0,.,3.60058,6.1,.,.,6.582727273,.,6.549545455,.,5.804090909,.
1971-09-01,40.8,39.3942,.,0,.,-5.42169,6,.,.,6.13952381,.,6.137142857,.,5.408095238,.
1971-10-01,40.9,39.6891,.,0,.,4.26262,5.8,.,.,5.925789474,.,5.925789474,.,4.912631579,.
1971-11-01,41,39.8576,.,0,.,2.53759,6,.,.,5.81,.,5.781,.,4.6665,.
1971-12-01,41.1,40.3177,.,0,.,5.17874,6,.,.,5.926363636,.,5.689545455,.,4.604545455,.
1972-01-01,41.2,41.2876,.,0,.,8.67102,5.8,.,.,5.947619048,.,5.593333333,.,4.278095238,.
1972-02-01,41.4,41.6865,.,0,.,-4.17001,5.7,.,.,6.081,.,5.6915,.,4.272,.
1972-03-01,41.4,41.9746,.,0,.,-2.3431,5.8,.,.,6.068636364,.,5.870454545,.,4.67,.
1972-04-01,41.5,42.4183,.,0,.,-3.64182,5.7,.,.,6.1945,.,6.1705,.,4.9645,.
1972-05-01,41.6,42.3963,.,0,.,-1.245,5.7,.,.,6.126363636,.,5.852727273,.,4.640909091,.
1972-06-01,41.7,42.5166,.,0,.,1.48582,5.7,.,.,6.106818182,.,5.906818182,.,4.928636364,.
1972-07-01,41.8,42.498,.,0,.,-0.08873,5.6,.,.,6.113,.,5.972,.,4.9645,.
1972-08-01,41.9,43.0629,.,0,.,5.77265,5.6,.,.,6.210434783,.,6.018695652,.,4.983043478,.
1972-09-01,42.1,43.3918,.,0,.,4.15617,5.5,.,.,6.5495,.,6.2505,.,5.524,.
1972-10-01,42.2,43.9718,.,0,.,0.16123,5.6,.,.,6.4795,.,6.182,.,5.5215,.
1972-11-01,42.4,44.4919,.,0,.,-2.57545,5.3,.,.,6.2805,.,6.1165,.,5.2735,.
1972-12-01,42.5,45.0015,.,0,.,-2.27179,5.2,.,.,6.3585,.,6.1585,.,5.5185,.
1973-01-01,42.7,45.2942,.,0,.,4.86052,4.9,.,.,6.464545455,.,6.341363636,.,5.891363636,.
1973-02-01,43,45.9656,.,0,.,-7.73881,5,.,.,6.635555556,.,6.6,.,6.188888889,.
1973-03-01,43.4,45.9872,.,0,.,3.32023,4.9,.,.,6.709090909,.,6.804545455,.,6.85,.
1973-04-01,43.7,45.9237,.,0,.,-11.88161,5,.,.,6.6685,.,6.6725,.,6.8465,.
1973-05-01,43.9,46.2192,.,0,.,8.73321,4.9,.,.,6.847272727,.,6.803181818,.,6.893636364,.
1973-06-01,44.2,46.2509,.,0,.,-8.78199,4.9,.,.,6.9,.,6.69,.,7.307619048,.
1973-07-01,44.2,46.4421,.,0,.,2.70924,4.8,.,.,7.130952381,.,7.334761905,.,8.389047619,.
1973-08-01,45,46.3648,.,21.06742,.,-3.39143,4.8,.,.,7.404782609,.,7.628695652,.,8.822608696,.
1973-09-01,45.2,46.7803,.,0,.,-8.62994,4.8,.,.,7.090526316,.,7.053684211,.,8.306315789,.
1973-10-01,45.6,47.0954,.,0,.,-10.51227,4.6,.,.,6.794285714,.,6.771428571,.,7.396190476,.
1973-11-01,45.9,47.3445,.,0,.,2.80262,4.8,.,.,6.7285,.,6.9175,.,7.569,.
1973-12-01,46.3,47.2315,.,0,.,-11.48492,4.9,.,.,6.743684211,.,6.796842105,.,7.270526316,.
1974-01-01,46.8,46.8994,.,134.57077,.,-4.91481,5.1,.,.,6.988636364,.,6.948636364,.,7.420909091,.
1974-02-01,47.3,46.7538,.,0,.,20.74431,5.2,.,.,6.957222222,.,6.816666667,.,6.883333333,.
1974-03-01,47.8,46.7685,.,0,.,-11.24429,5.1,.,.,7.209047619,.,7.312857143,.,7.75952381,.
1974-04-01,48.1,46.6069,.,0,.,3.34405,5.1,.,.,7.512380952,.,7.92,.,8.621904762,.
1974-05-01,48.6,46.9743,.,0,.,-11.26322,5.1,.,.,7.575909091,.,8.179545455,.,8.782272727,.
1974-06-01,49,46.9233,.,0,.,6.10098,5.4,.,.,7.5355,.,8.096,.,8.6695,.
1974-07-01,49.3,46.9464,.,0,.,-13.02049,5.5,.,.,7.805,.,8.375909091,.,8.795,.
1974-08-01,49.9,46.4907,.,0,.,-13.22188,5.5,.,.,8.044090909,.,8.63,.,9.362727273,.
1974-09-01,50.6,46.5136,.,0,.,0.70053,5.9,.,.,8.0375,.,8.3745,.,8.8745,.
1974-10-01,51,46.3401,.,10.38576,.,-6.95652,6,.,.,7.896818182,.,7.967727273,.,8.045909091,.
1974-11-01,51.5,44.8209,.,0,.,-4.11215,6.6,.,.,7.681111111,.,7.678333333,.,7.655555556,.
1974-12-01,51.9,43.234,.,0,.,-4.97076,7.2,.,.,7.433809524,.,7.309047619,.,7.306190476,.
1975-01-01,52.3,42.6409,.,0,.,5.84615,8.1,.,.,7.501363636,.,7.405454545,.,6.832272727,.
1975-02-01,52.6,41.6602,.,0,.,-12.4031,8.1,.,.,7.392222222,.,7.112777778,.,5.984444444,.
1975-03-01,52.8,41.2135,.,0,.,9.84513,8.6,.,.,7.728,.,7.3035,.,6.105,.
1975-04-01,53,41.246,.,0,.,1.20846,8.8,.,.,8.226818182,.,7.986363636,.,6.904090909,.
1975-05-01,53.1,41.1515,.,0,.,11.54229,9,.,.,8.05952381,.,7.72,.,6.38952381,.
1975-06-01,53.5,41.4224,.,0,.,-3.03301,8.8,.,.,7.860952381,.,7.511904762,.,6.287142857,.
1975-07-01,54,41.8234,.,0,.,12.78749,8.6,.,.,8.061363636,.,7.923181818,.,7.112727273,.
1975-08-01,54.2,42.2573,.,0,.,2.77325,8.4,.,.,8.397619048,.,8.328095238,.,7.701904762,.
1975-09-01,54.6,42.7796,.,0,.,0.31746,8.4,.,.,8.426666667,.,8.365714286,.,7.75,.
1975-10-01,54.9,42.9687,.,0,.,6.32911,8.4,.,.,8.137727273,.,7.974090909,.,6.950454545,.
1975-11-01,55.3,43.0614,.,0,.,1.19048,8.3,.,.,8.052941176,.,7.801176471,.,6.487058824,.
1975-12-01,55.6,43.5973,.,0,.,-2.86765,8.2,.,.,7.996818182,.,7.758636364,.,6.600909091,.
1976-01-01,55.8,44.2288,.,0,.,3.48221,7.9,.,.,7.742380952,.,7.456666667,.,5.805714286,.
1976-02-01,55.9,44.6725,.,7.7957,.,12.50914,7.7,.,.,7.792777778,.,7.448333333,.,5.907777778,.
1976-03-01,56,44.7125,.,0.58188,.,-7.60728,7.6,.,.,7.734347826,.,7.489565217,.,6.211304348,.
1976-04-01,56.1,44.9643,.,0.57851,.,-1.8297,7.7,.,.,7.564285714,.,7.253333333,.,5.923333333,.
1976-05-01,56.4,45.1741,.,0,.,4.58781,7.4,.,.,7.895,.,7.59,.,6.4015,.
1976-06-01,56.7,45.183,.,0,.,2.46744,7.6,.,.,7.861363636,.,7.606818182,7.06,6.520909091,.
1976-07-01,57,45.4535,.,0,.,-6.28763,7.8,.,.,7.831904762,.,7.487619048,6.85,6.20047619,.
1976-08-01,57.3,45.7737,.,0,.,10.63526,7.8,.,.,7.768636364,.,7.306818182,6.631363636,6.002727273,.
1976-09-01,57.6,45.9031,.,14.21528,.,10.96774,7.6,.,.,7.594285714,.,7.12952381,6.416190476,5.844285714,.
1976-10-01,57.9,45.9207,.,0,.,-5.2907,7.7,.,.,7.411,.,6.752,5.984,5.4965,.
1976-11-01,58.1,46.5978,.,0,.,0.73665,7.8,.,.,7.291052632,.,6.519473684,5.81,5.294210526,.
1976-12-01,58.4,47.0854,.,0,.,9.93297,7.8,.,.,6.869090909,.,6.104545455,5.376818182,4.893181818,.
1977-01-01,58.7,46.8276,.,0,.,-15.35477,7.5,.,.,7.213333333,.,6.583333333,5.89952381,5.290952381,.
1977-02-01,59.3,47.5417,.,0,.,27.24296,7.6,.,.,7.391052632,.,6.83,6.088421053,5.467368421,.
1977-03-01,59.6,48.131,.,0,.,6.17602,7.4,.,.,7.46,.,6.92826087,6.086521739,5.500434783,.
1977-04-01,60,48.5838,.,0,.,-8.2889,7.2,.,.,7.3705,.,6.792,5.9635,5.441,.
1977-05-01,60.2,48.9891,.,0,.,4.17548,7,.,.,7.456666667,.,6.939047619,6.254761905,5.843809524,.
1977-06-01,60.5,49.3428,.,0,.,-3.95738,7.2,.,.,7.275454545,.,6.756818182,6.127272727,5.798181818,.
1977-07-01,60.8,49.412,.,0,.,8.71632,6.9,.,.,7.33,.,6.844210526,6.274736842,5.936842105,.
1977-08-01,61.1,49.4259,.,6.83453,.,-1.84645,7,.,.,7.396521739,.,7.02826087,6.611304348,6.369565217,.
1977-09-01,61.3,49.6639,.,0,.,-3.51485,6.8,.,.,7.343809524,.,7.04047619,6.714285714,6.526666667,.
1977-10-01,61.6,49.7592,.,0,.,4.77168,6.8,.,.,7.5235,.,7.32,7.106,6.965,.
1977-11-01,62,49.8117,.,0,.,0,6.8,.,.,7.577368421,.,7.338947368,7.142631579,6.954736842,.
1977-12-01,62.3,49.8949,.,0,.,4.89716,6.4,.,.,7.685238095,.,7.478571429,7.176666667,6.957619048,.
1978-01-01,62.7,49.2066,.,0,.,-19.79458,6.4,.,.,7.956190476,.,7.766190476,7.485714286,7.283333333,.
1978-02-01,63,49.4502,.,0,.,1.16414,6.3,.,.,8.033333333,.,7.832222222,7.565,7.337777778,.
1978-03-01,63.4,50.3928,.,0,.,16.916,6.3,.,.,8.035909091,.,7.857727273,7.575,7.310454545,.
1978-04-01,63.9,51.4368,.,0,.,8.12008,6.1,.,.,8.154,.,7.9825,7.7435,7.4545,.
1978-05-01,64.5,51.6276,.,0,.,-5.55303,6,.,.,8.345714286,.,8.175714286,8.006190476,7.82,.
1978-06-01,65,51.9833,.,0,.,-0.24096,5.9,.,.,8.462272727,.,8.355,8.239545455,8.094545455,.
1978-07-01,65.5,51.9592,.,0,.,1.0628,6.2,.,.,8.64,.,8.5365,8.4895,8.3915,.
1978-08-01,65.9,52.1543,.,0,.,-4.58891,5.9,.,.,8.410869565,.,8.333913043,8.366521739,8.312608696,.
1978-09-01,66.5,52.286,.,0,.,-1.30261,6,.,.,8.4165,.,8.4275,8.5655,8.6385,.
1978-10-01,67.1,52.7054,.,0,.,0.55838,5.8,.,.,8.642380952,.,8.614761905,8.853809524,9.136666667,.
1978-11-01,67.5,53.1047,.,0,.,5.70419,5.9,.,.,8.805,.,8.835,9.4245,10.014,.
1978-12-01,67.9,53.3886,.,0,.,-2.38777,6,.,.,9.0065,.,9.084,9.7155,10.2955,.
1979-01-01,68.5,53.0453,.,0,.,-20.2544,5.9,.,.,9.099545455,.,9.202727273,9.86,10.41454545,.
1979-02-01,69.2,53.3303,.,6.73401,.,-6.74847,5.9,.,.,9.098333333,.,9.133888889,9.716666667,10.23666667,.
1979-03-01,69.9,53.4973,.,0,.,21.51316,5.8,.,.,9.117272727,.,9.202272727,9.789545455,10.24954545,.
1979-04-01,70.6,52.8938,.,0,.,-5.36004,5.8,.,.,9.182,.,9.2495,9.7785,10.122,.
1979-05-01,71.4,53.3187,.,14.19558,.,7.32265,5.6,.,.,9.252380952,.,9.237142857,9.783809524,10.11761905,.
1979-06-01,72.2,53.3157,.,5.52486,.,1.97228,5.7,.,.,8.913809524,.,8.849047619,9.22047619,9.573809524,.
1979-07-01,73,53.2433,.,13.87435,.,-7.99791,5.7,.,.,8.95,.,8.897619048,9.137619048,9.643809524,.
1979-08-01,73.7,52.8899,.,21.83908,.,1.02273,6,.,.,9.029565217,.,9.060434783,9.458695652,9.98,.
1979-09-01,74.4,52.9486,.,7.54717,.,3.03712,5.9,.,.,9.334736842,.,9.408421053,10.05631579,10.84473684,.
1979-10-01,75.2,53.239,.,1.75439,.,-8.24236,6,.,.,10.29909091,.,10.62772727,11.48954545,12.44409091,.
1979-11-01,76,53.1918,.,6.89655,.,-9.33968,5.9,.,.,10.65315789,.,10.92526316,11.80842105,12.39052632,.
1979-12-01,76.9,53.2603,.,4.83871,.,-1.70604,6,.,.,10.386,.,10.4155,11.3905,11.9825,.
1980-01-01,78,53.5037,.,0,.,-10.48064,6.3,.,.,10.80227273,.,10.74363636,11.49818182,12.05727273,.
1980-02-01,79,53.5053,.,13.84615,.,0.67114,6.3,.,.,12.41473684,.,12.59631579,13.41842105,13.92210526,.
1980-03-01,80.1,53.3294,.,2.7027,.,-22.44444,6.3,.,.,12.74904762,.,13.46952381,14.8847619,15.81761905,.
1980-04-01,80.9,52.2336,.,3.94737,.,0.38204,6.9,.,.,11.47333333,.,11.84380952,12.50190476,13.29904762,.
1980-05-01,81.7,50.9638,.,0,.,-11.79829,7.5,.,.,10.18142857,.,9.945714286,9.45,9.38952381,.
1980-06-01,82.5,50.3348,.,0,.,29.01834,7.6,.,.,9.778095238,.,9.211428571,8.728095238,8.156190476,.
1980-07-01,82.6,49.9462,.,0,.,6.10368,7.8,.,.,10.24772727,.,9.528636364,9.029545455,8.646818182,.
1980-08-01,83.2,50.1256,.,-3.79747,.,13.15997,7.7,.,.,11.10190476,.,10.83904762,10.52761905,10.24238095,.
1980-09-01,83.9,50.9386,.,-5.26316,.,2.43733,7.5,.,.,11.50857143,.,11.61809524,11.5747619,11.52142857,.
1980-10-01,84.7,51.5813,.,0,.,3.53501,7.5,.,.,11.75136364,.,11.86136364,12.08818182,12.49045455,.
1980-11-01,85.6,52.4717,.,0,.,-0.85358,7.5,.,.,12.68470588,.,12.83470588,13.51411765,14.15058824,.
1980-12-01,86.4,52.7685,.,2.77778,.,-1.8543,7.2,.,.,12.84409091,.,13.24727273,14.07681818,14.88090909,.
1981-01-01,87.2,52.4668,.,2.7027,.,4.38596,7.5,.,.,12.56857143,.,12.77047619,13.26238095,14.0847619,.
1981-02-01,88,52.226,.,0,.,-19.45701,7.4,.,.,13.19444444,.,13.41222222,13.91888889,14.56833333,.
1981-03-01,88.6,52.5025,.,0,.,4.81541,7.4,.,.,13.11590909,.,13.40818182,13.56863636,13.71090909,.
1981-04-01,89.1,52.2691,.,0,.,4.13476,7.2,.,.,13.67952381,.,13.99095238,14.15142857,14.32190476,.
1981-05-01,89.7,52.5803,.,0,.,-16.17647,7.5,.,.,14.0995,.,14.625,15.457,16.1965,.
1981-06-01,90.5,52.8284,.,-5.26316,.,-8.33333,7.5,.,.,13.47227273,.,13.95318182,14.50590909,14.85909091,.
1981-07-01,91.5,53.1751,.,0,.,-0.38278,7.2,.,.,14.28090909,.,14.79,15.35409091,15.71863636,.
1981-08-01,92.2,53.1679,.,0,.,-9.70221,7.4,.,.,14.93714286,.,15.56380952,16.2847619,16.71857143,.
1981-09-01,93.1,52.8514,.,0,.,-3.08511,7.6,.,.,15.32380952,.,15.93,16.45761905,16.52285714,.
1981-10-01,93.4,52.4949,.,-2.77778,.,-4.17124,7.9,.,.,15.14809524,.,15.40666667,15.54285714,15.38142857,.
1981-11-01,93.8,51.894,.,2.85714,.,-4.12371,8.3,.,.,13.39277778,.,13.37555556,12.88166667,12.40833333,.
1981-12-01,94.1,51.3274,.,-2.77778,.,8.72162,8.5,.,.,13.72454545,.,13.60045455,13.29045455,12.85,.
1982-01-01,94.4,50.3043,12.918,-3.28571,.,-7.36264,8.6,.,.,14.594,.,14.6455,14.568,14.318,.
1982-02-01,94.7,51.3016,14.27944444,-6.76514,.,2.72835,8.9,.,.,14.42555556,.,14.54055556,14.82333333,14.73388889,.
1982-03-01,94.7,50.9104,13.31478261,-9.75919,.,7.50577,9,.,.,13.86130435,.,13.9773913,14.19434783,13.94913043,.
1982-04-01,95,50.4627,13.3447619,17.45084,.,-1.50376,9.3,.,.,13.87190476,.,14.00380952,14.20238095,13.97952381,.
1982-05-01,95.9,50.138,12.714,7.41405,.,11.77754,9.4,.,.,13.6225,.,13.754,13.777,13.3435,.
1982-06-01,97,49.9692,13.07863636,-2.39354,.,-12,9.6,.,.,14.29954545,.,14.42636364,14.46545455,14.065,.
1982-07-01,97.5,49.8138,11.86333333,-2.59481,.,29.26829,9.8,.,.,13.94619048,.,14.06714286,13.79714286,13.23666667,.
1982-08-01,97.7,49.3773,8.997272727,-0.61475,.,-10.2916,9.8,.,.,13.055,.,12.99818182,12.32363636,11.42818182,.
1982-09-01,97.7,49.226,8.192857143,4.94845,.,9.36902,10.1,.,.,12.33904762,.,12.24809524,11.78333333,10.85380952,.
1982-10-01,98.1,48.7874,7.9675,0.14033,.,2.53497,10.4,.,.,10.9065,.,10.7995,10.1875,9.317,.
1982-11-01,98,48.592,8.346315789,-4.28812,.,16.96505,10.8,.,.,10.55052632,.,10.38157895,9.795789474,9.159473684,.
1982-12-01,97.7,48.2424,8.202727273,-7.11567,.,-5.02915,10.8,.,.,10.54,.,10.22227273,9.662272727,8.906818182,.
1983-01-01,97.9,49.1762,8.117142857,-1.67087,.,21.71911,10.4,.,.,10.45714286,.,10.02571429,9.327619048,8.621904762,.
1983-02-01,98,48.8688,8.394210526,-7.18179,.,7.12484,10.4,.,.,10.72473684,.,10.25736842,9.636315789,8.922631579,.
1983-03-01,98.1,49.2654,8.659565217,-0.44905,.,-5.47381,10.3,.,.,10.50652174,.,10.08347826,9.656086957,9.043478261,.
1983-04-01,98.8,49.8675,8.5135,6.21096,.,-8.34371,10.2,.,.,10.4,.,10.0215,9.568,8.979,.
1983-05-01,99.2,50.2084,8.495714286,-1.99281,.,20.65217,10.1,.,.,10.38,.,10.03428571,9.489047619,8.904285714,.
1983-06-01,99.4,50.5089,9.139545455,3.33333,.,-2.42117,10.1,.,.,10.84863636,.,10.62818182,10.18181818,9.657272727,.
1983-07-01,99.8,51.2733,9.4495,2.12903,.,3.00058,9.4,.,.,11.377,.,11.209,10.685,10.197,.
1983-08-01,100.1,51.8454,9.739130435,0.78964,.,7.0028,9.5,.,.,11.84608696,.,11.62608696,11.07043478,10.52869565,.
1983-09-01,100.4,52.6303,9.361428571,-2.50705,.,-10.4712,9.2,.,.,11.65380952,.,11.43,10.79,10.15619048,.
1983-10-01,100.8,53.0679,8.988,-2.25008,.,0.2924,8.8,.,.,11.541,.,11.278,10.571,9.805,.
1983-11-01,101.1,53.2534,9.111052632,-1.87438,.,4.08163,8.5,.,.,11.69,.,11.40894737,10.66421053,9.937368421,.
1983-12-01,101.4,53.5343,9.357619048,-2.01072,.,-5.43417,8.3,.,.,11.82952381,.,11.5447619,10.83666667,10.10904762,.
1984-01-01,102.1,54.6008,9.263809524,1.53899,.,12.38152,8,.,.,11.67428571,.,11.36857143,10.64238095,9.901428571,.
1984-02-01,102.6,54.835,9.459473684,1.5325,.,19.13548,7.8,.,.,11.84210526,.,11.53842105,10.78526316,10.04315789,.
1984-03-01,102.9,55.1052,9.889545455,2.04346,.,-26.41593,7.8,.,.,12.31909091,.,12.02136364,11.31454545,10.58909091,.
1984-04-01,103.3,55.4514,10.073,-0.46487,.,11.30487,7.7,.,.,12.6335,.,12.3715,11.686,10.9045,.
1984-05-01,103.5,55.7141,10.22318182,-0.32007,.,-4.15991,7.4,.,.,13.40863636,.,13.17272727,12.47,11.65727273,.
1984-06-01,103.7,55.9085,10.26047619,-1.81193,.,3.88952,7.2,.,.,13.56285714,.,13.47666667,12.90666667,12.08380952,.
1984-07-01,104.1,56.0842,10.53095238,-4.05446,.,-6.02279,7.5,.,.,13.36238095,.,13.2747619,12.87761905,12.02619048,.
1984-08-01,104.4,56.1376,10.90043478,1.73205,.,-8.42956,7.5,.,.,12.71608696,.,12.68478261,12.43434783,11.82217391,.
1984-09-01,104.7,56.0382,10.79578947,0.20855,.,7.06179,7.3,.,.,12.52263158,.,12.53210526,12.20473684,11.57947368,.
1984-10-01,105.1,55.9459,10.12454545,-1.86278,.,-6.36042,7.4,.,.,12.16045455,.,12.06090909,11.6,10.89545455,.
1984-11-01,105.3,56.1667,8.924736842,-2.31879,.,6.22642,7.2,.,.,11.57263158,.,11.32526316,10.64894737,9.815789474,.
1984-12-01,105.5,56.2296,8.3375,-9.4989,.,-4.55891,7.3,.,.,11.4995,.,11.0695,10.1815,9.3335,.
1985-01-01,105.7,56.1398,8.02,0.83369,.,6.14144,7.3,.,.,11.38428571,.,10.93238095,9.930952381,9.024285714,.
1985-02-01,106.3,56.3323,8.557222222,6.35701,.,-4.61718,7.2,.,.,11.50888889,.,11.13111111,10.16555556,9.291666667,.
1985-03-01,106.8,56.4232,8.83,3.54589,.,10.29412,7.2,.,.,11.8552381,.,11.52047619,10.71285714,9.863809524,.
1985-04-01,107,56.2693,8.221904762,2.00793,.,1.16667,7.3,.,.,11.4347619,.,11.00666667,10.08904762,9.140952381,.
1985-05-01,107.2,56.3488,7.733181818,-4.10345,.,-7.743,7.2,.,.,10.84681818,.,10.33590909,9.394090909,8.464545455,.
1985-06-01,107.5,56.3901,7.18,-1.73768,.,-0.2381,7.4,.,.,10.156,.,9.599,8.688,7.8045,.
1985-07-01,107.7,56.0234,7.316363636,0.68526,.,0.47733,7.4,.,.,10.30681818,.,9.7,8.773181818,7.856363636,.
1985-08-01,107.9,56.2555,7.370454545,1.55878,.,3.50356,7.1,.,.,10.33181818,.,9.809545455,8.943636364,8.047272727,.
1985-09-01,108.1,56.4983,7.333157895,1.92398,.,-3.84395,7.1,.,.,10.37315789,.,9.81,8.983157895,8.065263158,.
1985-10-01,108.5,56.2648,7.400909091,4.41514,.,9.42721,7.1,.,.,10.23681818,.,9.688636364,8.864545455,8.010909091,.
1985-11-01,109,56.4549,7.476315789,4.31647,.,-7.41549,7,.,.,9.781578947,.,9.275263158,8.581052632,7.878421053,.
1985-12-01,109.5,57.0458,7.33,-11.6347,.,14.36985,7,.,.,9.259047619,.,8.728571429,8.146666667,7.674761905,.
1986-01-01,109.9,57.3104,7.301904762,-15.73013,8.159090909,1.5448,6.7,.,.,9.193809524,.,8.683333333,8.142380952,7.728571429,.
1986-02-01,109.7,56.9344,7.290526316,-32.69993,8.015625,-6.28803,7.2,.,.,8.704210526,.,8.335789474,7.967368421,7.613157895,.
1986-03-01,109.1,56.542,6.764,-18.28779,7.569078947,1.51515,7.2,.,.,7.7785,.,7.46,7.2145,7.029,.
1986-04-01,108.7,56.5599,6.235454545,1.81487,6.93625,3.03838,7.1,.,.,7.299090909,.,7.053636364,6.695,6.440454545,.
1986-05-01,109,56.6823,6.334761905,20.21484,6.995315,-4.08691,7.2,.,.,7.70952381,.,7.524761905,7.067142857,6.649047619,.
1986-06-01,109.4,56.4976,6.396666667,-12.78814,7.063990476,-0.37756,7.2,.,.,7.79952381,.,7.637619048,7.184761905,6.732380952,.
1986-07-01,109.5,56.814,5.999545455,-14.06192,6.6644,-3.51922,7,.,.,7.303181818,.,7.062727273,6.666363636,6.265909091,.
1986-08-01,109.6,56.7381,5.685238095,30.38445,6.196875,1.40292,6.9,.,.,7.165714286,.,6.802380952,6.326190476,5.932380952,.
1986-09-01,110,56.8532,5.352380952,-1.18606,5.997159091,-6.64084,7,.,.,7.447619048,.,6.919047619,6.346190476,5.774285714,.
1986-10-01,110.2,57.1191,5.323181818,-0.40904,5.999321739,-0.35566,7,.,.,7.426363636,.,6.832272727,6.279090909,5.720909091,.
1986-11-01,110.4,57.3792,5.5,2.39025,6.08594,-3.45033,6.9,.,.,7.250555556,.,6.755,6.276666667,5.798333333,.
1986-12-01,110.8,57.8623,5.682727273,5.71447,6.382442857,12.939,6.6,.,.,7.112727273,.,6.669090909,6.271818182,5.874545455,.
1987-01-01,111.4,57.685,5.578,16.04877,6.216518095,-3.21877,6.6,.,.,7.0845,.,6.635,6.226,5.7785,.
1987-02-01,111.8,58.4399,5.751052632,-4.98499,6.4453125,0.5637,6.6,.,.,7.250526316,.,6.792105263,6.397894737,5.958947368,.
1987-03-01,112.2,58.516,5.765909091,3.26639,6.494318182,-3.25112,6.6,.,.,7.248636364,.,6.793181818,6.424545455,6.033181818,.
1987-04-01,112.7,58.8851,5.815714286,1.84649,6.8695315,-6.48899,6.3,.,.,8.022857143,.,7.574285714,7.024285714,6.504285714,.
1987-05-01,113,59.2653,5.8465,4.14096,7.365131579,0.86741,6.3,.,.,8.613,.,8.2595,7.7615,7.0035,.
1987-06-01,113.5,59.5409,5.854545455,3.18826,7.238636364,-2.08845,6.2,.,.,8.402272727,.,8.016363636,7.573181818,6.795454545,.
1987-07-01,113.8,59.9536,5.879090909,6.59379,6.992527391,-1.19197,6.1,.,.,8.446818182,.,8.008181818,7.442272727,6.683181818,.
1987-08-01,114.3,60.4517,6.233333333,-5.06205,7.040625,1.90476,6,.,.,8.76047619,.,8.322857143,7.752857143,7.025238095,.
1987-09-01,114.7,60.6069,6.621428571,-3.68945,7.632102273,5.60748,5.9,.,.,9.421904762,.,8.942857143,8.343809524,7.668095238,.
1987-10-01,115,61.491,6.350952381,1.64908,8.417613636,-10.61947,6,.,.,9.52,.,9.08,8.397619048,7.593333333,.
1987-11-01,115.4,61.8137,5.89,-4.67553,7.532738095,9.30693,5.8,.,.,8.860526316,.,8.347368421,7.692631579,6.964736842,.
1987-12-01,115.6,62.119,5.959545455,-8.87421,7.976190476,-15.45894,5.7,.,.,8.987727273,.,8.451363636,7.857727273,7.173181818,.
1988-01-01,116,62.1469,6.004736842,-0.46981,7.2281255,-9.21429,5.7,.,.,8.665789474,.,8.177894737,7.63,6.988947368,.
1988-02-01,116.2,62.4169,5.8425,-2.30186,6.841518095,15.893,5.7,.,.,8.212,.,7.7125,7.1805,6.64,.
1988-03-01,116.5,62.5418,5.87,-3.26871,6.857336957,4.00543,5.7,.,.,8.373478261,.,7.833913043,7.270434783,6.706521739,.
1988-04-01,117.2,62.8959,6.083,10.22384,7.199013158,2.67624,5.4,.,.,8.7185,.,8.194,7.5895,7.008,.
1988-05-01,117.5,62.8223,6.454285714,-2.44476,7.515625,-9.66306,5.6,.,.,9.089047619,.,8.582380952,7.995714286,7.397142857,.
1988-06-01,118,62.9823,6.664090909,-5.20702,7.735795455,4.01126,5.4,.,.,8.921363636,.,8.486818182,8.025909091,7.489545455,.
1988-07-01,118.5,63.0093,6.948,-6.24319,8.197917143,-0.74425,5.4,.,.,9.056,.,8.655,8.279,7.754,.
1988-08-01,119,63.2723,7.299565217,0.16776,8.588778636,1.77232,5.6,.,.,9.260434783,.,8.936521739,8.628695652,8.170434783,.
1988-09-01,119.5,63.099,7.478095238,-6.80881,8.424005909,-0.06698,5.4,.,.,8.977142857,.,8.692857143,8.463333333,8.093333333,.
1988-10-01,119.9,63.4122,7.597,-4.62432,8.628720476,2.01072,5.4,.,.,8.7955,.,8.5125,8.354,8.1095,.
1988-11-01,120.3,63.5128,8.0285,1.29729,9.022727273,3.08804,5.3,.,.,8.9625,.,8.7865,8.666,8.476,.
1988-12-01,120.7,63.8233,8.348571429,16.3769,9.415625,-0.38241,5.3,.,.,9.105714286,.,9.092857143,9.088571429,8.991904762,.
1989-01-01,121.2,64.0153,8.5585,10.55576,9.401785714,3.71081,5.4,.,.,9.0915,.,9.1485,9.1755,9.0475,.
1989-02-01,121.6,63.7242,8.836842105,-0.87305,9.7375,-12.0913,5.2,.,.,9.168947368,.,9.270526316,9.371578947,9.253157895,.
1989-03-01,122.2,63.8691,9.142272727,9.08224,10.29761905,-0.21053,5,.,.,9.357727273,.,9.514090909,9.679545455,9.570454545,.
1989-04-01,123.1,63.9124,8.9625,8.20262,10.171094,-5.83685,5.2,.,.,9.1755,.,9.295,9.4515,9.363,.
1989-05-01,123.7,63.4884,8.735909091,-4.79087,9.768601429,-0.59746,5.2,.,.,8.859090909,.,8.909545455,9.017727273,8.977272727,.
1989-06-01,124.1,63.5187,8.434545455,-0.13478,9.397017273,4.95868,5.3,.,.,8.277272727,.,8.292272727,8.406363636,8.440909091,.
1989-07-01,124.5,62.9354,8.147,-1.80455,8.973214286,2.14746,5.2,.,.,8.0185,.,7.8265,7.8195,7.8945,.
1989-08-01,124.5,63.5168,8.17,-5.71167,8.823863636,-6.65732,5.2,.,.,8.112608696,.,8.089565217,8.144782609,8.183913043,.
1989-09-01,124.8,63.2954,8.0145,5.78771,8.973214286,-3.97898,5.3,.,.,8.1905,.,8.1745,8.2845,8.221,.
1989-10-01,125.4,63.2542,7.89952381,2.53649,8.795454545,10.24238,5.3,.,.,8.007619048,.,7.966190476,7.979047619,7.990952381,.
1989-11-01,125.9,63.4616,7.943809524,-1.34886,8.545454545,-4.1844,5.4,.,.,7.874285714,.,7.810952381,7.795714286,7.76952381,.
1989-12-01,126.3,63.8467,7.8795,6.39758,8.509868421,-7.40192,5.4,.,.,7.836,.,7.7465,7.777,7.723,.
1990-01-01,127.5,63.4228,7.898095238,7.36438,8.349431818,23.98082,5.4,.,.,8.206666667,.,8.11952381,8.085238095,7.920952381,.
1990-02-01,128,64.0446,8.002105263,-2.35414,8.365625,-7.3501,5.3,.,.,8.473157895,4.85944,8.424736842,8.370526316,8.111052632,.
1990-03-01,128.6,64.358,8.17,-7.64429,8.491477273,-10.29923,5.2,.,.,8.588636364,0.10751,8.600454545,8.626818182,8.35,.
1990-04-01,128.9,64.2602,8.0405,-8.99207,8.569901579,-3.18076,5.4,.,.,8.7855,3.31591,8.768,8.724,8.4045,.
1990-05-01,129.1,64.3973,8.006818182,-1.85664,8.475446667,-2.88462,5.4,.,.,8.758181818,0.80056,8.735909091,8.642272727,8.316363636,.
1990-06-01,129.9,64.6041,7.986666667,-7.49027,8.351934762,-2.88779,5.2,.,.,8.48,-2.99541,8.43047619,8.350952381,8.096190476,.
1990-07-01,130.5,64.5205,7.874761905,10.47359,8.220880909,-0.50977,5.5,.,.,8.471428571,2.2599,8.330952381,8.157142857,7.940952381,.
1990-08-01,131.6,64.7326,7.694347826,45.79891,8.090909091,-4.78224,5.7,.,.,8.752608696,10.13776,8.436521739,8.061304348,7.779130435,.
1990-09-01,132.5,64.8145,7.597894737,23.96776,8.1875,-0.44843,5.9,.,.,8.893157895,4.83164,8.513684211,8.079473684,7.763157895,.
1990-10-01,133.4,64.3274,7.4,6.63461,8.169157826,-8.64865,5.9,.,.,8.719545455,-2.76204,8.327727273,7.877727273,7.551363636,.
1990-11-01,133.7,63.5753,7.2905,-10.08296,8.164772727,12.91913,6.2,.,.,8.392,-4.88843,8.0225,7.5985,7.3135,.
1990-12-01,134.2,63.1594,6.9495,-15.36533,7.921875263,-15.37118,6.3,.,.,8.075,-5.19203,7.7265,7.314,7.0505,.
1991-01-01,134.7,62.8852,6.41047619,-8.69883,7.337358182,-17.64706,6.4,.,.,8.092857143,5.46469,7.7,7.125238095,6.644285714,.
1991-02-01,134.8,62.4462,6.116315789,-17.77315,6.7125,20.92732,6.6,.,.,7.854736842,-1.59248,7.472631579,6.866842105,6.266842105,.
1991-03-01,134.8,62.119,6.0935,-3.23052,6.56875,-4.55959,6.8,.,.,8.11,4.59806,7.772,7.103,6.396,.
1991-04-01,135.1,62.2415,5.825454545,4.84894,6.223214286,8.68621,6.7,.,.,8.039090909,0.05615,7.700909091,6.948181818,6.235909091,.
1991-05-01,135.6,62.8646,5.633636364,2.00259,6.05952381,-0.4995,6.9,.,.,8.067727273,3.61848,7.701363636,6.783636364,6.130454545,.
1991-06-01,136,63.4372,5.751,-4.91996,6.20625,4.01606,6.9,.,.,8.284,1.97235,7.937,6.956,6.3585,.
1991-07-01,136.2,63.5128,5.750909091,6.06586,6.138586957,2.60618,6.8,.,.,8.272727273,0.17244,7.911363636,6.917727273,6.305909091,.
1991-08-01,136.6,63.5671,5.497727273,1.25117,5.770833333,-1.31703,6.9,.,.,7.9,-1.17304,7.425,6.433181818,5.778181818,.
1991-09-01,137,64.133,5.3735,0.77923,5.619047619,-3.24118,6.9,.,.,7.65,-2.62272,7.136,6.1815,5.5725,.
1991-10-01,137.2,64.0213,5.144090909,6.27259,5.470108696,6.30542,7,.,.,7.527272727,-1.06314,6.871363636,5.912272727,5.333636364,.
1991-11-01,137.8,63.948,4.689473684,-3.28483,5.071428571,2.22428,7,.,.,7.417368421,4.16043,6.617894737,5.558947368,4.889473684,.
1991-12-01,138.2,63.6937,4.184285714,-13.12264,4.60625,-2.17588,7.3,.,.,7.088571429,-0.11827,6.186190476,5.025714286,4.378095238,.
1992-01-01,138.3,63.3374,3.906190476,-3.57125,4.181463182,8.98981,7.3,.,.,7.032380952,1.31904,6.242857143,4.958095238,4.150952381,.
1992-02-01,138.6,63.7911,3.95,0.92986,4.175,6.29252,7.4,.,.,7.337894737,4.07864,6.577894737,5.212105263,4.287368421,.
1992-03-01,139.1,64.3212,4.138636364,-0.4159,4.386008636,3.76,7.4,.,.,7.542272727,-3.06575,6.945454545,5.685,4.634545455,.
1992-04-01,139.4,64.8088,3.839047619,7.01523,4.1703125,-15.266,7.4,.,.,7.48047619,3.30298,6.784285714,5.344285714,4.299047619,.
1992-05-01,139.7,65.0202,3.719,3.44317,3.960115263,10.46406,7.6,.,.,7.392,0.36434,6.6925,5.2255,4.1895,.
1992-06-01,140.1,65.0295,3.745,6.85291,3.994318182,-5.68369,7.8,.,.,7.261818182,-1.95995,6.482727273,5.048181818,4.165909091,.
1992-07-01,140.5,65.6172,3.279545455,-2.75307,3.516983478,-0.52402,7.7,.,.,6.844545455,0.08724,5.836818182,4.355454545,3.595909091,.
1992-08-01,140.8,65.2943,3.199047619,-1.87968,3.45,7.63828,7.6,.,.,6.585714286,-4.09129,5.596190476,4.192857143,3.471904762,.
1992-09-01,141.1,65.446,2.968571429,2.58548,3.283735909,-3.26264,7.6,.,.,6.415238095,0.6691,5.38,3.894285714,3.184285714,.
1992-10-01,141.7,65.9369,2.932857143,-0.97708,3.437145,4.89039,7.3,.,.,6.589047619,1.83213,5.60047619,4.082857143,3.302380952,.
1992-11-01,142.1,66.2174,3.205789474,-6.2062,3.796131429,-2.41158,7.4,.,.,6.873157895,-1.15812,6.037894737,4.579473684,3.682105263,.
1992-12-01,142.3,66.2772,3.291363636,-4.5964,3.636904762,1.07084,7.4,.,.,6.77,-3.94273,6.075909091,4.673636364,3.711363636,.
1993-01-01,142.8,66.5643,3.071052632,-1.71072,3.346875,-1.38549,7.3,.,.,6.6,-0.37822,5.833684211,4.39,3.496315789,.
1993-02-01,143.1,66.8594,2.992631579,5.12713,3.238672,0,7.1,.,.,6.258947368,-6.32222,5.428947368,4.098421053,3.385789474,.
1993-03-01,143.3,66.7658,3.014347826,1.46611,3.240149565,-10.49587,7,.,.,5.975217391,-5.08262,5.194782609,3.949565217,3.333043478,.
1993-04-01,143.8,67,2.93047619,-0.37843,3.2265625,16.15882,7.1,.,.,5.96952381,0.77355,5.132857143,3.837619048,3.244285714,.
1993-05-01,144.2,66.7674,3.025,-1.62802,3.243421053,0.15898,7.1,.,.,6.0355,-0.87979,5.198,3.977,3.3635,.
1993-06-01,144.3,66.8781,3.144545455,-4.36309,3.337713182,1.5873,7,.,.,5.962727273,-9.08158,5.216818182,4.163636364,3.536363636,.
1993-07-01,144.5,67.0845,3.110952381,-6.31358,3.294034091,-2.03125,6.9,.,.,5.805238095,-5.14884,5.090952381,4.071904762,3.474761905,.
1993-08-01,144.8,67.014,3.090454545,0.8004,3.261904762,3.66826,6.8,.,.,5.677727273,-1.93787,5.025,4.001363636,3.443636364,.
1993-09-01,145,67.3345,3.008571429,-2.74863,3.210227273,3.30769,6.7,.,.,5.36,-9.46879,4.734761905,3.847142857,3.356190476,.
1993-10-01,145.6,67.8515,3.092,3.60283,3.386904762,3.64855,6.8,.,.,5.334,-2.75535,4.707,3.8745,3.392,.
1993-11-01,146,68.1326,3.1795,-7.96914,3.488636364,-1.14943,6.6,.,.,5.724,10.5723,5.063,4.1555,3.579,.
1993-12-01,146.3,68.5054,3.127727273,-13.10857,3.373511905,11.40988,6.5,.,.,5.774090909,0.73898,5.146818182,4.212272727,3.607272727,.
1994-01-01,146.3,68.7648,3.0445,3.37698,3.271875,-17.02544,6.6,.,.,5.7505,-0.35105,5.087,4.14,3.5425,.
1994-02-01,146.7,68.7836,3.330526316,-1.46667,3.553125,5.11006,6.6,.,.,5.973157895,2.60287,5.395263158,4.474210526,3.865789474,.
1994-03-01,147.1,69.4766,3.590869565,-0.81191,3.877378261,16.97831,6.5,.,.,6.482608696,8.90808,5.941304348,4.995217391,4.319130435,.
1994-04-01,147.2,69.8703,3.780526316,11.73261,4.131578947,-6.32992,6.4,.,.,6.972105263,6.83881,6.524210526,5.549473684,4.815789474,.
1994-05-01,147.5,70.2281,4.267619048,9.15751,4.65,4.16382,6.1,.,.,7.183333333,-2.23586,6.78,5.968095238,5.314285714,.
1994-06-01,147.9,70.6763,4.249090909,6.65548,4.637074091,-7.6671,6.1,.,.,7.101363636,-2.00325,6.695454545,5.931363636,5.267272727,.
1994-07-01,148.4,70.7846,4.4565,3.04143,4.858259048,2.12917,6.1,.,.,7.298,3.57071,6.9095,6.13,5.4765,.
1994-08-01,149,71.2053,4.61173913,-6.4631,4.918324091,0.76442,6,.,.,7.236086957,-3.22334,6.877826087,6.177391304,5.562173913,.
1994-09-01,149.3,71.4767,4.751428571,-5.00544,5.127840909,1.65517,5.9,.,.,7.457142857,4.4166,7.083333333,6.392380952,5.762857143,.
1994-10-01,149.4,72.082,5.102,1.43184,5.622395714,-1.62822,5.8,.,.,7.744,2.07519,7.403,6.7285,6.1145,.
1994-11-01,149.8,72.5263,5.449,2.20215,5.881037273,4.2069,5.6,.,.,7.955,-0.13413,7.7175,7.1485,6.54,.
1994-12-01,150.1,73.2879,5.764761905,-5.19337,6.384375,-3.70615,5.5,.,.,7.813809524,-14.10704,7.776190476,7.58952381,7.136190476,.
1995-01-01,150.5,73.4219,5.9015,4.83683,6.337425714,-3.29897,5.6,.,.,7.7795,0.19284,7.756,7.507,7.0505,.
1995-02-01,150.9,73.3025,5.939473684,3.00167,6.261719,-6.46766,5.4,.,.,7.469473684,-2.5515,7.365789474,7.111578947,6.696842105,.
1995-03-01,151.2,73.4081,5.910434783,0.10793,6.268682174,-5.09119,5.4,.,.,7.204782609,-1.59988,7.047391304,6.775652174,6.43173913,.
1995-04-01,151.8,73.3612,5.837894737,7.1159,6.236111111,1.44115,5.8,.,.,7.062631579,-1.68836,6.86,6.567894737,6.265789474,.
1995-05-01,152.1,73.6104,5.847727273,-0.65425,6.125,3.70955,5.6,.,.,6.632727273,-9.33934,6.414545455,6.170909091,5.997727273,.
1995-06-01,152.4,73.8602,5.639090909,-6.68693,6.005859091,-2.51142,5.6,.,.,6.168181818,-9.04067,5.928636364,5.715909091,5.642272727,.
1995-07-01,152.6,73.5664,5.593,-6.08035,5.897879524,14.05152,5.7,.,.,6.278,3.23938,6.0085,5.78,5.594,.
1995-08-01,152.9,74.495,5.565652174,4.21965,5.902166364,-3.08008,5.7,.,.,6.48826087,6.29455,6.243913043,5.980869565,5.752608696,.
1995-09-01,153.1,74.7937,5.434,1.10926,5.864211429,-3.31921,5.6,.,.,6.1975,-8.48769,6.0015,5.806,5.62,.
1995-10-01,153.5,74.7017,5.444285714,-4.33352,5.9375,0,5.5,.,.,6.044761905,-7.83957,5.862857143,5.697142857,5.59047619,.
1995-11-01,153.7,74.8897,5.518095238,3.15367,5.877485909,6.06282,5.6,.,.,5.93047619,-0.04999,5.694285714,5.479047619,5.432857143,.
1995-12-01,153.9,75.1755,5.294,5.83658,5.765214211,-1.44628,5.6,.,.,5.7115,-5.71821,5.5135,5.3245,5.307,.
1996-01-01,154.7,74.6841,5.15047619,-0.84034,5.542791818,2.51572,5.6,.,.,5.652380952,1.64694,5.362380952,5.112380952,5.087619048,.
1996-02-01,155,75.8344,4.9645,1.00636,5.275111429,1.63599,5.5,.,.,5.8055,12.10217,5.3795,5.0255,4.942,.
1996-03-01,155.5,75.7631,5.097619048,12.00839,5.39416,-4.49363,5.5,.,.,6.268571429,9.51584,5.966190476,5.660952381,5.342380952,.
1996-04-01,156.1,76.4562,5.087727273,10.34644,5.4939465,6.46067,5.6,.,.,6.511363636,3.90532,6.300909091,5.957272727,5.537727273,.
1996-05-01,156.4,77.0161,5.153636364,-9.84302,5.496651905,-0.79156,5.6,.,.,6.736818182,4.72653,6.483181818,6.095,5.636818182,.
1996-06-01,156.7,77.6669,5.2315,-3.76471,5.5697275,-2.46011,5.3,.,.,6.912,1.55871,6.6895,6.297,5.81,.
1996-07-01,157,77.5662,5.298181818,4.25428,5.640285652,0.34083,5.5,.,.,6.865454545,-3.29599,6.635909091,6.27,5.850909091,.
1996-08-01,157.2,78.016,5.189090909,3.00188,5.52734381,5.77446,5.1,.,.,6.635454545,-4.33553,6.389090909,6.029090909,5.666818182,.
1996-09-01,157.7,78.5532,5.2375,9.24408,5.617745714,-5.26654,5.2,.,.,6.832,5.69792,6.597,6.234,5.833,.
1996-10-01,158.2,78.5065,5.123181818,3.79325,5.544837391,-5.62712,5.2,.,.,6.533636364,-6.14222,6.270454545,5.912727273,5.55,.
1996-11-01,158.7,79.1996,5.169473684,-4.77912,5.5,6.96839,5.4,.,.,6.203684211,-8.88697,5.973157895,5.701578947,5.423157895,.
1996-12-01,159.1,79.7143,5.04047619,7.08562,5.5517585,-7.99194,5.4,.,.,6.302380952,1.09572,6.068095238,5.781904762,5.471904762,.
1997-01-01,159.4,79.8273,5.165714286,-0.86648,5.565340909,-1.09489,5.3,7.389545455,6.849545455,6.579047619,7.4299,6.333333333,6.008095238,5.612380952,.
1997-02-01,159.7,80.793,5.142105263,-11.76003,5.510157,9.6679,5.2,7.235789474,6.731052632,6.419473684,-3.08511,6.198947368,5.898421053,5.525263158,.
1997-03-01,159.8,81.334,5.2845,-5.49302,5.62459,-1.95155,5.2,7.5095,7.061,6.6945,6.07962,6.537,6.222,5.7955,.
1997-04-01,159.9,81.3531,5.304545455,-6.0505,5.830079091,2.4022,5.1,7.704090909,7.226363636,6.885454545,2.63706,6.759090909,6.448181818,5.988181818,.
1997-05-01,159.9,81.8293,5.196666667,5.6288,5.819141,-3.35121,4.9,7.515,7.033181818,6.710952381,-4.50432,6.567619048,6.276666667,5.86952381,.
1997-06-01,160.2,82.2285,5.070952381,-7.96928,5.841890476,3.6061,5,7.312857143,6.826666667,6.493809524,-4.9147,6.375238095,6.094761905,5.691904762,.
1997-07-01,160.4,82.8557,5.194545455,2.39958,5.745074348,-3.81526,4.9,7.043636364,6.575,6.220454545,-7.24423,6.120909091,5.890909091,5.541818182,.
1997-08-01,160.8,83.7214,5.27952381,1.52827,5.725391,-3.2707,4.8,7.116818182,6.659090909,6.298571429,3.51278,6.16,5.939047619,5.564761905,.
1997-09-01,161.2,84.4651,5.084761905,-0.70246,5.723899091,11.22302,4.9,7.05,6.578095238,6.208571429,-2.1994,6.106190476,5.881904762,5.523809524,.
1997-10-01,161.5,85.1918,5.112727273,7.42799,5.766474348,-1.68176,4.7,6.903043478,6.460869565,6.029545455,-6.67551,5.928181818,5.771818182,5.456363636,.
1997-11-01,161.7,85.9397,5.281111111,-5.127,5.840625,-0.65789,4.6,6.881904762,6.414761905,5.875,-7.60478,5.803888889,5.712777778,5.457222222,.
1997-12-01,161.8,86.2047,5.304545455,-9.17204,5.906760476,3.70861,4.7,6.837727273,6.348181818,5.808636364,-6.07079,5.773181818,5.715,5.525,.
1998-01-01,162,86.6474,5.179,-8.78821,5.64955381,-2.61814,4.6,6.626818182,6.111363636,5.5445,-3.86033,5.416,5.357,5.2445,.
1998-02-01,162,86.7612,5.23,-3.88989,5.6335945,3.86885,4.6,6.738095238,6.176666667,5.574736842,3.23135,5.492631579,5.417894737,5.308421053,.
1998-03-01,162,86.8198,5.161818182,-6.47572,5.688032727,-1.07323,4.7,6.810454545,6.245909091,5.647272727,0.56196,5.611818182,5.561363636,5.389545455,.
1998-04-01,162.2,87.1411,5.082857143,2.79627,5.689258,-1.72304,4.3,6.783333333,6.231904762,5.637619048,-1.91422,5.611904762,5.564285714,5.379047619,.
1998-05-01,162.6,87.6952,5.14,-3.75648,5.692229474,-0.25974,4.4,6.792272727,6.250909091,5.6525,0.65346,5.628,5.5935,5.44,.
1998-06-01,162.8,87.145,5.124090909,-8.07537,5.689453182,6.83594,4.5,6.669545455,6.144545455,5.496363636,-7.21618,5.524090909,5.52,5.408636364,.
1998-07-01,163.2,86.8423,5.094545455,3.07467,5.688858696,3.47349,4.5,6.682173913,6.116956522,5.461363636,-2.04038,5.461363636,5.458181818,5.358181818,.
1998-08-01,163.4,88.6247,5.040952381,-5.11364,5.684375,-4.947,4.5,6.681904762,6.029047619,5.341904762,-3.90328,5.274761905,5.268571429,5.205238095,.
1998-09-01,163.5,88.4515,4.739047619,11.9012,5.499645,-1.98265,4.6,6.730454545,5.845454545,4.806666667,-13.68699,4.623809524,4.666190476,4.710952381,.
1998-10-01,163.9,89.1677,4.07047619,-3.74582,5.27314,8.40708,4.5,6.639130435,5.577826087,4.53,3.38362,4.184285714,4.091904762,4.121428571,.
1998-11-01,164.1,89.1098,4.531052632,-10.70188,5.323245238,-3.207,4.4,6.958095238,5.794285714,4.827368421,8.81065,4.537368421,4.54,4.525263158,.
1998-12-01,164.4,89.4407,4.496818182,-12.2179,5.227567619,7.95181,4.4,6.699545455,5.564090909,4.645,-8.82671,4.45,4.506363636,4.518636364,.
1999-01-01,164.7,89.8594,4.446315789,10.54965,5.0041485,-2.45536,4.3,6.71,5.648571429,4.722105263,7.68905,4.600526316,4.615263158,4.514210526,.
1999-02-01,164.7,90.3386,4.555263158,-3.68885,4.9959925,-4.46224,4.4,6.883333333,5.903809524,4.998947368,11.15282,4.914736842,4.876315789,4.702631579,.
1999-03-01,164.8,90.4819,4.566521739,22.06495,5.005197391,2.39521,4.2,6.997391304,6.04826087,5.232608696,10.9862,5.140434783,5.053043478,4.781304348,.
1999-04-01,165.9,90.7274,4.409090909,18.28104,4.99825,-9.18129,4.3,6.875454545,5.976363636,5.184545455,-2.39439,5.079545455,4.976818182,4.69,.
1999-05-01,166,91.352,4.631,2.36448,5.024109474,3.73471,4.2,7.155238095,6.281904762,5.5395,12.80506,5.437,5.2545,4.849,.
1999-06-01,166,91.1994,4.715454545,0.78873,5.178806818,-3.22781,4.3,7.540909091,6.655,5.899545455,8.8618,5.809090909,5.618636364,5.096818182,.
1999-07-01,166.7,91.7766,4.685714286,12.18558,5.309545455,7.05581,4.3,7.495652174,6.597391304,5.791904762,-1.77625,5.678571429,5.554761905,5.031904762,.
1999-08-01,167.1,92.1629,4.873636364,5.92925,5.449911429,-1.25824,4.2,7.760454545,6.858181818,5.939090909,5.06781,5.841363636,5.678181818,5.197727273,.
1999-09-01,167.8,91.774,4.822380952,12.32361,5.565568182,-0.78883,4.2,7.781363636,6.838181818,5.915238095,0.67111,5.801904762,5.661904762,5.251428571,.
1999-10-01,168.1,92.9979,5.0235,-5.19263,6.182291905,-1.65138,4.1,7.945909091,6.969545455,6.112,5.52516,6.0335,5.8625,5.429,.
1999-11-01,168.4,93.4371,5.2275,10.29152,6.102528636,2.48756,4.1,7.835454545,6.856818182,6.034,-7.64683,5.969,5.862,5.5535,.
1999-12-01,168.8,94.1593,5.356818182,4.44533,6.1265625,3.64078,4,7.996086957,7.056086957,6.275454545,4.36627,6.186363636,6.104545455,5.842272727,.
2000-01-01,169.3,94.1758,5.499,4.21779,6.0391565,-4.21546,4,8.239047619,7.439047619,6.661,5.7657,6.5795,6.44,6.1215,.
2000-02-01,170,94.4557,5.727,7.98381,6.099761905,6.17359,4.1,8.154761905,7.394761905,6.5195,-9.441,6.678,6.6105,6.218,.
2000-03-01,171,94.798,5.863913043,1.83986,6.197038261,-7.65688,4,8.175217391,7.312608696,6.256521739,-8.18519,6.503913043,6.52826087,6.222173913,.
2000-04-01,170.9,95.4808,5.821578947,-13.88424,6.31191,1.37157,3.8,8.294,7.1935,5.990526316,-10.82352,6.262631579,6.403684211,6.150526316,.
2000-05-01,171.2,95.6435,5.994545455,11.81041,6.755654762,-3.13653,4,8.809130435,7.639565217,6.440454545,10.27876,6.687727273,6.809545455,6.326363636,.
2000-06-01,172.2,95.7353,5.861818182,10.59764,6.790142727,-1.01587,4,8.507272727,7.351818182,6.097272727,-11.57345,6.300909091,6.481818182,6.172727273,.
2000-07-01,172.7,95.5906,6.1425,-6.47188,6.731875238,-6.15779,4,8.368571429,7.283333333,6.054,0.31113,6.179,6.339,6.0825,.
2000-08-01,172.7,95.3112,6.277391304,4.87068,6.691449091,5.33151,4.1,8.223478261,7.099130435,5.826086957,-6.52265,6.060869565,6.228695652,6.183043478,.
2000-09-01,173.6,95.679,6.175,8.52018,6.674226667,-2.20636,3.9,8.167727273,7.021818182,5.799,4.79998,5.9345,6.0815,6.1255,.
2000-10-01,173.9,95.397,6.294761905,-2.36128,6.778353182,2.78699,3.9,8.22,6.932727273,5.738571429,-1.82708,5.782857143,5.912380952,6.012380952,.
2000-11-01,174.2,95.4229,6.356190476,3.99033,6.751735,0.12912,3.9,8.368636364,6.94,5.717142857,-1.88958,5.697619048,5.875238095,6.091904762,.
2000-12-01,174.6,95.1573,5.937,-17.26744,6.545132105,-1.22502,3.9,8.10047619,6.476666667,5.2405,-12.49606,5.168,5.352,5.6025,.
2001-01-01,175.6,94.5448,5.285238095,3.93535,5.698181818,4.43864,4.2,7.731818182,6.127272727,5.160952381,18.3404,4.858571429,4.76,4.814761905,.
2001-02-01,176,93.9398,5.005263158,0.10142,5.3481565,1.5625,4.2,7.5355,6.012,5.098947368,3.90815,4.886315789,4.656842105,4.684210526,.
2001-03-01,176.1,93.7201,4.535454545,-8.00405,4.963977273,-2.15385,4.3,7.356086957,5.743478261,4.885454545,-0.40805,4.642727273,4.342272727,4.298636364,.
2001-04-01,176.4,93.4469,3.966,0.62408,4.613881579,3.71069,4.4,7.53,5.809,5.141,17.36389,4.7635,4.234,3.9765,.
2001-05-01,177.3,92.876,3.703181818,4.48741,4.103660952,-2.66828,4.3,7.363043478,5.850434783,5.391363636,11.42383,4.927727273,4.26,3.781363636,.
2001-06-01,177.7,92.3208,3.565238095,-3.63128,3.834078095,1.93146,4.5,7.182272727,5.684090909,5.284285714,-0.07179,4.807142857,4.08,3.576190476,.
2001-07-01,177.4,91.7933,3.593333333,-4.16667,3.751136364,2.07824,4.6,7.147272727,5.65,5.236190476,-1.1632,4.761904762,4.038571429,3.617142857,.
2001-08-01,177.4,91.6795,3.437826087,3.85633,3.566022727,-6.16766,4.9,6.917391304,5.361304348,4.971304348,-2.49067,4.573913043,3.757391304,3.470434783,3.533478261
2001-09-01,178.1,91.3289,2.692352941,-5.78813,3.034563,-0.31908,5,6.892777778,5.06,4.731764706,4.36292,4.115294118,3.118823529,2.824705882,2.675882353
2001-10-01,177.6,90.9315,2.197727273,-14.18083,2.400054348,-1.40845,5.3,6.766086957,4.793913043,4.566818182,2.82135,3.91,2.725909091,2.330454545,2.267272727
2001-11-01,177.5,90.486,1.9065,-11.43629,2.102983636,4.02597,5.5,6.855454545,4.798636364,4.6515,4.14296,3.9725,2.7825,2.182,1.9905
2001-12-01,177.4,90.5073,1.72,-1.72852,1.924309474,-2.12235,5.7,7.0975,5.05,5.0875,15.43895,4.3895,3.107,2.2155,1.7165
2002-01-01,177.7,91.0794,1.684761905,1.75892,1.820597273,8.29082,5.7,6.899090909,4.965909091,5.035714286,-1.16453,4.34,3.028095238,2.158571429,1.675238095
2002-02-01,178,91.0553,1.756842105,5.43976,1.9031875,7.71496,5.7,7.048,5.014,4.911578947,-4.02139,4.298421053,3.015263158,2.232631579,1.738421053
2002-03-01,178.5,91.798,1.825,17.74349,1.987875,-10.22417,5.7,7.348571429,5.50047619,5.284,4.81142,4.738,3.5575,2.567,1.785
2002-04-01,179.3,92.1771,1.745,7.57576,1.966964286,-3.04507,5.9,7.355909091,5.522727273,5.210909091,-3.01325,4.646818182,3.422727273,2.475909091,1.723636364
2002-05-01,179.5,92.5668,1.760454545,2.85497,1.904545455,10.80402,5.8,7.494347826,5.38826087,5.164545455,0.07572,4.494545455,3.264090909,2.354090909,1.74
2002-06-01,179.6,93.4476,1.732,-5.55144,1.877605556,-2.6644,5.8,6.932380952,5.203809524,4.9265,-4.85069,4.186,2.993,2.1965,1.715
2002-07-01,180,93.2237,1.713636364,5.56426,1.848451304,-3.61095,5.8,7.196086957,5.079565217,4.653181818,-1.90087,3.807272727,2.556818182,1.960909091,1.718636364
2002-08-01,180.5,93.2359,1.647272727,5.34521,1.774851429,-1.32931,5.7,7.143043478,4.695217391,4.257272727,-7.28892,3.294545455,2.133636364,1.757272727,1.679545455
2002-09-01,180.8,93.3654,1.659,4.54545,1.804614286,10.47152,5.7,6.758571429,4.441904762,3.87,-15.71242,2.938,2.0045,1.715,1.6745
2002-10-01,181.2,93.0834,1.61,-2.76373,1.784538696,-8.64745,5.7,7.222173913,4.645652174,3.940909091,4.98467,2.945,1.911818182,1.65,1.619545455
2002-11-01,181.5,93.5693,1.254736842,-8.94281,1.455878095,6.37136,5.9,6.645909091,4.507272727,4.048421053,6.35461,3.054736842,1.923157895,1.491578947,1.263684211
2002-12-01,181.8,93.1103,1.210952381,11.99086,1.40725,1.99658,6,6.271904762,4.404761905,4.032380952,0.06271,3.033333333,1.836190476,1.45,1.197619048
2003-01-01,182.6,93.8198,1.189047619,11.96465,1.366051818,3.63535,5.8,6.016363636,4.332727273,4.048571429,2.42698,3.052380952,1.743333333,1.364285714,1.17047619
2003-02-01,183.6,93.9532,1.185263158,8.89496,1.343344,-12.08851,5.9,5.7945,4.185,3.902631579,-4.99396,2.897894737,1.627894737,1.296315789,1.195263158
2003-03-01,183.9,93.7358,1.150952381,-6.4678,1.286235714,5.95457,5.9,5.72047619,4.063333333,3.807142857,-4.65175,2.783809524,1.573809524,1.24,1.176190476
2003-04-01,183.2,93.0657,1.152380952,-15.79732,1.300469,-4.80881,6,5.532380952,4.091428571,3.958571429,6.00876,2.928571429,1.622380952,1.267142857,1.158095238
2003-05-01,182.9,93.0918,1.088095238,-0.38938,1.2845,6.57334,6.1,4.938695652,3.730869565,3.569047619,-15.79634,2.515714286,1.415238095,1.181428571,1.08
2003-06-01,183.1,93.2476,0.936190476,9.16844,1.12253,6.62479,6.3,4.648095238,3.526190476,3.334285714,-10.62148,2.265714286,1.227142857,1.00952381,0.973333333
2003-07-01,183.7,93.6582,0.920454545,0.13021,1.109538696,1.60686,6.2,5.013478261,3.949130435,3.975454545,32.92396,2.872272727,1.474090909,1.116363636,0.895909091
2003-08-01,184.5,93.5246,0.969047619,2.69831,1.134844,-3.37375,6.1,5.482272727,4.369090909,4.445238095,19.59862,3.37,1.864285714,1.308571429,0.947619048
2003-09-01,185.1,94.0751,0.955238095,-10.44634,1.142457727,5.78287,6.1,5.207272727,4.113636364,4.274285714,-5.23269,3.184761905,1.706190476,1.237619048,0.913809524
2003-10-01,184.9,94.2079,0.941818182,7.21103,1.158370435,1.44404,6,5.123478261,4.06,4.290454545,-1.28731,3.185909091,1.747727273,1.254090909,0.909545455
2003-11-01,185,94.9338,0.952222222,2.50577,1.1723445,5.89731,5.8,5.124285714,4.1,4.3,-2.68451,3.287222222,1.926666667,1.336666667,0.943888889
2003-12-01,185.5,94.8662,0.914545455,3.40946,1.170328095,-1.2482,5.7,4.983181818,4.065454545,4.267727273,-2.1944,3.268636364,1.907272727,1.305909091,0.890454545
2004-01-01,186.3,95.1085,0.9005,6.59409,1.128154762,-7.09772,5.7,4.747727273,3.916363636,4.1505,-2.70735,3.1215,1.761,1.2395,0.847
2004-02-01,186.7,95.6847,0.944736842,1.37146,1.124094,-3.40136,5.6,4.714761905,3.885714286,4.084210526,-2.70705,3.067894737,1.74,1.243684211,0.919473684
2004-03-01,187.1,95.2088,0.953478261,5.81462,1.112173913,8.23402,5.8,4.529130435,3.673478261,3.826521739,-9.32464,2.786956522,1.577826087,1.187391304,0.956086957
2004-04-01,187.4,95.6385,0.958095238,-0.19042,1.151938,0.25025,5.6,5.001428571,4.109047619,4.347619048,16.68784,3.38952381,2.070952381,1.433809524,0.905238095
2004-05-01,188.2,96.3966,1.0395,9.78468,1.253322632,-1.09835,5.6,5.443333333,4.552857143,4.7155,6.73053,3.8505,2.5335,1.7775,0.906
2004-06-01,188.9,95.6019,1.288095238,-5.61072,1.500597273,-7.72337,5.6,5.513636364,4.657727273,4.733809524,-5.12663,3.929047619,2.763333333,2.115238095,1.05
2004-07-01,189.1,96.3385,1.357619048,7.02262,1.62804,9.5186,5.5,5.306521739,4.471304348,4.498095238,-9.29087,3.688571429,2.638571429,2.095238095,1.19047619
2004-08-01,189.2,96.4095,1.503181818,10.44483,1.729166667,1.0989,5.4,5.139545455,4.267272727,4.281363636,-7.33363,3.474545455,2.508181818,2.015909091,1.371363636
2004-09-01,189.8,96.4907,1.681428571,2.24744,1.903892727,-5.87945,5.4,4.969090909,4.144090909,4.125714286,-9.46553,3.355238095,2.525238095,2.116666667,1.548095238
2004-10-01,190.8,97.4094,1.7945,15.62568,2.082500476,8.7664,5.5,4.935909091,4.121818182,4.097,-5.14261,3.3475,2.5845,2.228,1.63
2004-11-01,191.7,97.6137,2.1075,-8.78976,2.306108182,-13.99614,5.4,5.025909091,4.29,4.194,-2.45498,3.525,2.852,2.5,1.922
2004-12-01,191.7,98.3318,2.222727273,-10.58605,2.499137143,14.59035,5.4,5.043181818,4.319090909,4.230909091,-5.1959,3.598181818,3.011818182,2.670454545,1.961363636
2005-01-01,191.6,98.7845,2.371,8.10062,2.66675,4.9951,5.3,5.127142857,4.336190476,4.2215,-8.22064,3.707,3.2225,2.8605,2.0485
2005-02-01,192.4,99.4639,2.579473684,2.41247,2.819501,2.93843,5.4,5.1095,4.3805,4.165263158,-11.62506,3.766315789,3.384736842,3.029473684,2.359473684
2005-03-01,193.1,99.3061,2.795909091,13.21659,3.023511905,-15.54146,5.2,5.502272727,4.701818182,4.497727273,14.22342,4.165454545,3.726818182,3.302272727,2.646363636
2005-04-01,193.7,99.4734,2.836666667,-2.33843,3.153262857,10.56867,5.2,5.646818182,4.689545455,4.340952381,-10.74732,3.998571429,3.653809524,3.316666667,2.64
2005-05-01,193.6,99.6033,2.901904762,-6.05204,3.2740195,-1.74672,5.1,5.645454545,4.588181818,4.144285714,-15.26671,3.852857143,3.643809524,3.330952381,2.651428571
2005-06-01,193.7,99.9853,3.036363636,12.90387,3.426251364,2.12346,5,5.259090909,4.485909091,3.998181818,-15.1793,3.772272727,3.640454545,3.363181818,2.831818182
2005-07-01,194.9,99.6692,3.2875,4.33701,3.613024762,-0.67698,5,5.398636364,4.669090909,4.1775,4.92399,3.979,3.871,3.641,3.098
2005-08-01,196.1,99.9435,3.51826087,10.68143,3.799024091,1.99611,4.9,5.457826087,4.777826087,4.262608696,0.90765,4.122173913,4.044347826,3.872173913,3.344782609
2005-09-01,198.8,98.0779,3.494285714,0.9235,3.905717727,2.67303,5,5.389545455,4.694090909,4.199047619,-2.0152,4.006190476,3.946190476,3.845238095,3.225714286
2005-10-01,199.1,99.3149,3.7925,-4.88028,4.167400476,-3.99814,5,5.708095238,4.985714286,4.4635,10.19362,4.3285,4.271,4.1755,3.513
2005-11-01,198.1,100.3216,3.9745,-6.52557,4.352234091,3.97094,5,5.881818182,5.110909091,4.535,4.23674,4.4525,4.4165,4.334,3.9085
2005-12-01,198.1,100.9437,3.970952381,1.93825,4.4910015,-7.12622,4.9,5.880454545,5.086818182,4.467142857,-7.83546,4.392380952,4.404285714,4.352857143,3.685714286
2006-01-01,199.3,101.0627,4.336,10.23052,4.605268571,13.99198,4.7,5.65,5.045714286,4.416,-6.9737,4.3455,4.3955,4.445,4.1155
2006-02-01,199.4,101.0669,4.539473684,-5.92276,4.755547,-6.77519,4.8,5.7845,5.2445,4.568947368,5.73272,4.572105263,4.668421053,4.684736842,4.383684211
2006-03-01,199.7,101.2751,4.627826087,2.06068,4.920291304,-7.07881,4.7,5.923043478,5.359130435,4.723913043,10.37365,4.716086957,4.733913043,4.773478261,4.549565217
2006-04-01,200.7,101.6813,4.721578947,10.79491,5.071153889,-7.51651,4.7,6.153,5.5585,4.990526316,15.76597,4.902105263,4.888947368,4.897368421,4.605263158
2006-05-01,201.3,101.579,4.836363636,1.79366,5.185510952,6.6447,4.6,6.233913043,5.650869565,5.11,7.49342,4.997727273,4.968181818,4.995,4.699545455
2006-06-01,201.8,101.9693,4.917727273,0.02819,5.384803182,-7.20906,4.6,6.374090909,5.733636364,5.106363636,-6.81053,5.067272727,5.121818182,5.155,4.710454545
2006-07-01,202.9,101.9319,5.0765,4.86189,5.495328571,-3.6071,4.7,6.382380952,5.724761905,5.0875,-3.74504,5.04,5.1185,5.2175,4.9005
2006-08-01,203.8,102.3327,5.090434783,-1.82771,5.420697273,-5.00864,4.7,6.175652174,5.516956522,4.876521739,-6.82425,4.822173913,4.903478261,5.082608696,5.161304348
2006-09-01,202.8,102.1252,4.93,-12.56674,5.383664762,4.24242,4.5,6.024090909,5.36,4.719,-6.81963,4.6675,4.769,4.9745,4.7675
2006-10-01,201.9,102.0668,5.046190476,-7.81274,5.37334,-13.31395,4.4,6.034545455,5.369545455,4.729047619,-0.99716,4.686666667,4.795714286,5.01,4.971904762
2006-11-01,202,101.9688,5.073333333,0.8322,5.372078636,5.29846,4.5,5.867272727,5.254545455,4.595238095,-9.53126,4.582380952,4.74047619,5.010952381,5.211904762
2006-12-01,203.1,103.0292,4.973,4.48038,5.359968421,5.03185,4.4,5.834761905,5.200952381,4.5645,-0.68929,4.533,4.6735,4.9415,4.8695
2007-01-01,203.437,102.4933,5.105238095,-12.02644,5.360011364,-14.55428,4.6,5.993181818,5.375,4.75952381,11.4003,4.752857143,4.876190476,5.057142857,4.938095238
2007-02-01,204.226,103.5264,5.163157895,8.59447,5.3594065,5.03903,4.5,5.9145,5.333,4.722631579,-1.26235,4.710526316,4.848947368,5.053684211,5.181052632
2007-03-01,205.288,103.7521,5.08,2.19372,5.347145455,1.01351,4.4,5.805217391,5.194347826,4.564545455,-4.11157,4.480909091,4.573636364,4.920454545,5.206363636
2007-04-01,205.904,104.4814,5.006666667,5.63078,5.354764211,-0.33445,4.5,5.9225,5.2965,4.693809524,8.52081,4.593333333,4.666190476,4.932380952,4.988571429
2007-05-01,206.755,104.5322,4.867727273,-0.79725,5.358914286,-5.03356,4.4,5.962272727,5.371363636,4.746363636,-0.42778,4.667272727,4.766363636,4.909090909,4.817727273
2007-06-01,207.234,104.5617,4.741904762,6.3347,5.36,2.33216,4.6,6.318636364,5.696818182,5.102857143,23.79056,5.026190476,4.98047619,4.962380952,4.521904762
2007-07-01,207.603,104.5227,4.960952381,9.92887,5.359655,-6.49171,4.7,6.336363636,5.648181818,5.004285714,-0.30808,4.884761905,4.819047619,4.964285714,4.816190476
2007-08-01,207.667,104.7556,4.316956522,-2.41305,5.482706364,-1.77253,4.6,6.336521739,5.41826087,4.674782609,-2.97438,4.432173913,4.313043478,4.472173913,4.196956522
2007-09-01,208.547,105.1611,3.994210526,10.4158,5.493939,-11.05263,4.7,6.226190476,5.334285714,4.521578947,-2.94684,4.198947368,4.011578947,4.136842105,3.784210526
2007-10-01,209.19,104.7171,4.002727273,7.84436,5.146522609,6.847,4.7,6.156956522,5.275652174,4.527727273,3.93689,4.198181818,3.967727273,4.096818182,3.810909091
2007-11-01,210.834,105.3338,3.3545,9.76798,4.962075,-5.30063,4.7,6.089090909,4.913181818,4.1485,-1.83157,3.667,3.3365,3.499,3.6825
2007-12-01,211.445,105.3457,3.0665,-3.05432,4.979408947,-13.36675,5,6.307,4.9025,4.0975,6.61016,3.4875,3.117,3.263,2.858
2008-01-01,212.174,105.0619,2.82,1.32999,3.917643182,4.5323,5,6.093181818,4.562727273,3.744285714,-0.32249,2.98047619,2.475714286,2.711428571,2.738571429
2008-02-01,212.687,104.7094,2.174,2.58203,3.087590476,1.75277,4.9,6.224761905,4.505714286,3.7375,23.47931,2.779,1.973,2.0535,2.273
2008-03-01,213.448,104.4616,1.2835,10.70792,2.782501053,-8.88486,5.1,6.4325,4.472,3.51,-2.61227,2.4835,1.617,1.544,1.3505
2008-04-01,213.942,103.6704,1.311818182,6.64077,2.79466,0.79602,5,6.545909091,4.686363636,3.675,-2.47408,2.841363636,2.047272727,1.738181818,1.071818182
2008-05-01,215.208,103.0863,1.764285714,11.38847,2.692378,-3.94867,5.4,6.515652174,4.915652174,3.88,2.23534,3.153333333,2.445714286,2.055714286,1.758571429
2008-06-01,217.463,102.8445,1.89047619,6.81075,2.765389524,7.50257,5.6,6.689047619,5.149047619,4.09952381,3.37561,3.485238095,2.773809524,2.41952381,1.723809524
2008-07-01,219.016,102.3002,1.655,-0.36586,2.79233913,-11.75908,5.8,6.880869565,5.101304348,4.007727273,-3.91153,3.303181818,2.573181818,2.281818182,1.603636364
2008-08-01,218.69,100.7353,1.752857143,-12.61241,2.8062525,-8.55905,6.1,6.921363636,5.008181818,3.885714286,-3.03248,3.141904762,2.42047619,2.177142857,1.678571429
2008-09-01,218.877,96.3666,1.146666667,-10.89958,3.121677273,-2.8436,6.1,7.138636364,5.432727273,3.686190476,-3.54831,2.884285714,2.076190476,1.912857143,0.885714286
2008-10-01,216.995,97.2832,0.685909091,-26.22714,4.058586957,-5.2439,6.5,9.183478261,6.713043478,3.814090909,39.5804,2.726363636,1.612272727,1.420454545,0.291818182
2008-11-01,213.153,96.0605,0.193888889,-25.06197,2.279063,-16.08752,6.8,9.905714286,6.29047619,3.526666667,5.60841,2.291666667,1.212777778,1.066666667,0.093333333
2008-12-01,211.398,93.2521,0.034090909,-28.58635,1.829345714,-14.11043,7.3,9.788636364,5.368636364,2.416363636,-40.65512,1.521818182,0.820909091,0.494545455,0.03
2009-01-01,211.933,91.0373,0.1295,1.75524,1.210805238,-12.5,7.8,9.192272727,5.310909091,2.5175,2.89046,1.5965,0.807,0.4445,0.0505
2009-02-01,212.705,90.4502,0.295263158,-6.18112,1.242627,18.77551,8.3,9.087142857,5.723809524,2.87,20.80544,1.871578947,0.975263158,0.622631579,0.219473684
2009-03-01,212.495,89.016,0.215909091,22.52298,1.266737273,-13.23024,8.7,9.497727273,6.892272727,2.819545455,-9.67633,1.815909091,0.931363636,0.644090909,0.104545455
2009-04-01,212.709,88.3056,0.158095238,3.77241,1.1062215,-5.34653,9,9.14047619,4.776190476,2.927142857,-0.61559,1.858095238,0.927142857,0.547619048,0.095238095
2009-05-01,213.022,87.4155,0.177,18.81904,0.815034211,12.97071,9.4,8.227272727,4.703636364,3.293,26.69222,2.134,0.9295,0.5015,0.1375
2009-06-01,214.79,87.0742,0.178636364,17.78229,0.620712273,8.33333,9.5,7.516818182,4.511363636,3.721818182,23.12937,2.705909091,1.184090909,0.513636364,0.098636364
2009-07-01,214.726,88.0323,0.183636364,-8.02239,0.515327826,1.53846,9.5,6.979130435,4.031304348,3.562272727,-5.95978,2.462727273,1.019090909,0.478636364,0.146818182
2009-08-01,215.445,89.019,0.171904762,10.87533,0.4245185,-1.3468,9.6,6.34,3.944285714,3.587142857,-0.61624,2.570952381,1.115238095,0.459047619,0.124285714
2009-09-01,215.861,89.6926,0.123333333,-2.25162,0.297949091,-0.17065,9.8,5.931363636,3.64,3.401904762,-6.43683,2.369047619,0.956190476,0.404761905,0.061428571
2009-10-01,216.509,89.9797,0.074285714,9.15635,0.283082273,-8.71795,10,5.715652174,3.562608696,3.387619048,-3.32378,2.332857143,0.949047619,0.374761905,0.040952381
2009-11-01,217.234,90.3375,0.052105263,2.98074,0.268140952,10.11236,9.9,5.548095238,3.486666667,3.402631579,3.26935,2.230526316,0.803157895,0.313157895,0.052631579
2009-12-01,217.347,90.6132,0.054545455,-4.84119,0.25304619,-1.19048,9.9,5.480909091,3.522272727,3.59,5.6894,2.340454545,0.874545455,0.371363636,0.031818182
2010-01-01,217.488,91.6642,0.061578947,5.27591,0.2501195,5.67986,9.8,5.254761905,3.48047619,3.733157895,5.51848,2.484210526,0.928947368,0.345789474,0.022631579
2010-02-01,217.281,91.994,0.108947368,-2.3012,0.2505195,-1.62866,9.8,5.217619048,3.496666667,3.691052632,-0.63281,2.363684211,0.856842105,0.345789474,0.057368421
2010-03-01,217.353,92.5993,0.150434783,6.30725,0.268424783,5.29801,9.9,5.126521739,3.465652174,3.727391304,-1.31911,2.433043478,0.958695652,0.395652174,0.116521739
2010-04-01,217.403,92.9436,0.162272727,3.98818,0.3116065,8.01887,9.9,5.04047619,3.454761905,3.846818182,2.16578,2.581363636,1.060454545,0.445,0.150454545
2010-05-01,217.29,94.2997,0.16,-12.5947,0.458514211,-15.13828,9.6,5.008095238,3.155238095,3.42,-14.08863,2.18,0.8305,0.371,0.147
2010-06-01,217.199,94.4397,0.123636364,2.04496,0.536898636,-8.06175,9.4,5.123181818,3.104090909,3.204090909,-9.67699,1.996363636,0.724545455,0.318181818,0.079545455
2010-07-01,217.605,94.8536,0.157619048,1.35368,0.510327727,1.86567,9.4,4.866086957,2.873913043,3.011428571,-10.68952,1.762857143,0.616666667,0.291428571,0.156666667
2010-08-01,217.923,95.1448,0.155,0.58924,0.362546667,9.70696,9.5,4.499545455,2.475454545,2.698636364,-19.81072,1.465454545,0.520454545,0.259090909,0.154090909
2010-09-01,218.275,95.3637,0.151904762,-1.96563,0.291365909,-0.83472,9.5,4.436818182,2.449090909,2.647619048,-5.12703,1.41047619,0.48,0.256666667,0.116666667
2010-10-01,219.035,95.1109,0.1345,8.7505,0.28884,-8.58586,9.4,4.243636364,2.274090909,2.54,-8.88133,1.1825,0.376,0.228,0.1405
2010-11-01,219.59,95.1383,0.143,2.73504,0.287120455,0.36832,9.8,4.352272727,2.418181818,2.763,15.82122,1.35,0.454,0.252,0.134
2010-12-01,220.472,96.0599,0.140909091,5.82363,0.302723333,-1.10092,9.3,4.719565217,2.770869565,3.290909091,43.49226,1.934545455,0.618181818,0.294090909,0.087727273
2011-01-01,221.187,95.9364,0.152,0.42677,0.3034105,16.88312,9.1,4.676190476,2.888095238,3.394,6.32561,1.9945,0.6145,0.2735,0.141
2011-02-01,221.898,95.5154,0.132105263,0.17893,0.3119,-17.93651,9,4.7515,3.0615,3.576315789,7.72793,2.257894737,0.772631579,0.286315789,0.114736842
2011-03-01,223.046,96.4643,0.100434783,14.91404,0.308434783,16.05416,9,4.615652174,2.957391304,3.414347826,-6.54092,2.113478261,0.697391304,0.259130435,0.064782609
2011-04-01,224.093,96.1187,0.0585,6.89722,0.281382222,-7.66667,9.1,4.581428571,2.904761905,3.455,1.54927,2.169,0.7345,0.2465,0.0295
2011-05-01,224.806,96.3377,0.040952381,-7.9153,0.260713,1.26354,9,4.345,2.649090909,3.168571429,-11.89297,1.842380952,0.555238095,0.188095238,0.024285714
2011-06-01,224.806,96.6154,0.037272727,-4.97385,0.247824091,8.3779,9.1,4.308636364,2.516363636,3.002272727,-10.17386,1.58,0.410454545,0.180909091,0.019090909
2011-07-01,225.395,97.1292,0.0375,0.93468,0.249911905,2.46711,9,4.312272727,2.494090909,3.003,1.03594,1.541,0.4065,0.185,0.0375
2011-08-01,226.106,97.6731,0.024347826,-11.17399,0.293237727,-6.09952,9,4.171304348,2.227826087,2.303043478,-42.43114,1.021304348,0.230434783,0.114782609,0.017391304
2011-09-01,226.597,97.6494,0.013809524,-0.83401,0.350226818,11.11111,9,4.342272727,2.195909091,1.975238095,-37.66467,0.90047619,0.211428571,0.104761905,0.005714286
2011-10-01,226.75,98.3222,0.019,0.93447,0.406478571,-6.15385,8.8,4.605714286,2.30047619,2.152,20.49466,1.0615,0.2805,0.1145,0.0135
2011-11-01,227.169,98.2433,0.014,12.49855,0.475291818,16.55738,8.6,4.451363636,2.195454545,2.0135,-17.64672,0.908,0.2535,0.112,0.014
2011-12-01,227.223,98.7876,0.011428571,1.39903,0.5557375,-2.391,8.5,4.548181818,2.317727273,1.978095238,-9.9321,0.891428571,0.257142857,0.115238095,0.003333333
2012-01-01,227.842,99.3925,0.0345,1.69423,0.5659,4.17867,8.3,4.428571429,2.08,1.9665,-5.87332,0.835,0.2405,0.115,0.0245
2012-02-01,228.329,99.6203,0.092,2.00519,0.503240476,-2.62794,8.3,4.146190476,1.997142857,1.9675,-6.30249,0.831,0.278,0.161,0.0635
2012-03-01,228.807,99.1551,0.084090909,3.8533,0.473288636,-1.27841,8.2,4.08826087,2.026956522,2.172727273,40.90187,1.017272727,0.344545455,0.19,0.063636364
2012-04-01,229.187,99.9006,0.083809524,-2.69329,0.466807895,8.34532,8.2,4.047,1.906,2.052857143,-16.23867,0.894761905,0.291904762,0.183333333,0.066666667
2012-05-01,228.713,100.0924,0.089545455,-8.35188,0.466531818,-5.9761,8.2,4.013478261,1.879130435,1.803181818,-49.29071,0.761818182,0.285,0.191818182,0.065909091
2012-06-01,228.524,100.0728,0.091428571,-12.97782,0.465586842,6.9209,8.2,4.036818182,1.871818182,1.622380952,-79.93173,0.711428571,0.291904762,0.189047619,0.051904762
2012-07-01,228.59,100.3354,0.097142857,6.69822,0.453554545,-2.24571,8.2,3.804545455,1.699545455,1.526666667,-166.33785,0.61952381,0.248095238,0.185714286,0.06952381
2012-08-01,229.918,99.856,0.102608696,7.08518,0.4326,1.89189,8.1,3.72,1.673478261,1.67826087,-481.36415,0.713913043,0.268695652,0.183478261,0.092173913
2012-09-01,231.015,99.9049,0.105263158,0.59473,0.3856325,12.33422,7.8,3.577619048,1.607619048,1.723157895,20.80252,0.668947368,0.255263158,0.175789474,0.075263158
2012-10-01,231.638,100.1167,0.104761905,-5.43708,0.33048913,8.02834,7.8,3.388636364,1.592272727,1.746190476,3.10741,0.708571429,0.277142857,0.17952381,0.10952381
2012-11-01,231.249,100.5991,0.0935,-3.24886,0.311022727,-8.96175,7.7,3.350909091,1.536818182,1.654,-46.97174,0.665,0.268,0.1785,0.1245
2012-12-01,231.221,100.9542,0.07,1.83476,0.309473684,17.16687,7.9,3.354,1.587,1.719,59.7266,0.696,0.257,0.1585,0.0395
2013-01-01,231.679,100.8204,0.074285714,7.29745,0.302613636,-9.01639,8,3.324545455,2.054090909,1.914761905,143.91789,0.805238095,0.265238095,0.145238095,0.051904762
2013-02-01,232.937,101.3995,0.098947368,0.66533,0.290495,8.33333,7.7,3.407,2.0805,1.984210526,28.61916,0.846315789,0.267368421,0.157368421,0.076842105
2013-03-01,232.282,101.8114,0.087,-2.38145,0.2819,4.9896,7.5,3.374761905,2.052857143,1.9575,-5.57872,0.8185,0.256,0.1475,0.078
2013-04-01,231.797,101.6364,0.06,-1.0532,0.277142857,-17.32673,7.6,3.250454545,1.955909091,1.759090909,-48.46681,0.710454545,0.232272727,0.124545455,0.049090909
2013-05-01,231.893,101.7476,0.044090909,2.96514,0.274169048,11.37725,7.5,3.303043478,2.05826087,1.928181818,70.81691,0.840909091,0.250454545,0.118636364,0.020454545
2013-06-01,232.445,101.9549,0.0505,1.05485,0.27374,-9.78495,7.5,3.824285714,2.442857143,2.3,109.75116,1.2035,0.3335,0.142,0.0345
2013-07-01,232.9,101.5204,0.035454545,9.25887,0.267582609,4.88677,7.3,4.00826087,2.700434783,2.582272727,42.56647,1.403181818,0.340909091,0.121818182,0.020909091
2013-08-01,233.456,102.1907,0.043636364,1.81523,0.263395238,4.20455,7.2,4.073333333,2.841428571,2.737272727,17.26803,1.520454545,0.356363636,0.126818182,0.036818182
2013-09-01,233.544,102.717,0.016,-0.26274,0.253178571,-7.30643,7.2,4.125714286,2.89952381,2.8095,4.54731,1.596,0.404,0.1185,0.0175
2013-10-01,233.669,102.5371,0.047272727,-5.40973,0.241765217,8.82353,7.2,3.919565217,2.742173913,2.615909091,-14.5641,1.366818182,0.335454545,0.121363636,0.105909091
2013-11-01,234.1,102.8379,0.067894737,-6.64412,0.238245238,18.91892,6.9,3.894545455,2.802272727,2.718421053,9.06527,1.371052632,0.303684211,0.121578947,0.046842105
2013-12-01,234.719,103.1504,0.066666667,4.01662,0.2438975,-8.90909,6.7,3.901428571,2.87047619,2.901904762,16.56573,1.576190476,0.34,0.132857143,0.019047619
2014-01-01,235.288,102.7216,0.043333333,-3.08307,0.238229545,-11.37725,6.6,3.809545455,2.807727273,2.858095238,-1.91664,1.646666667,0.393809524,0.116190476,0.017142857
2014-02-01,235.547,103.5917,0.052631579,6.55253,0.2352025,6.30631,6.7,3.708,2.705,2.709473684,-10.87705,1.515789474,0.326842105,0.116842105,0.046842105
2014-03-01,236.028,104.5889,0.052380952,-0.01984,0.234097619,2.75424,6.7,3.7,2.723809524,2.723333333,0.44039,1.63952381,0.399047619,0.128095238,0.051428571
2014-04-01,236.468,104.6371,0.030952381,1.25992,0.227495,7.52577,6.2,3.623809524,2.602857143,2.705238095,-0.86218,1.700952381,0.417142857,0.107619048,0.023333333
2014-05-01,236.918,105.0152,0.032380952,0.10777,0.22609,-3.45158,6.3,3.465652174,2.505217391,2.559047619,-11.55118,1.592857143,0.389047619,0.096666667,0.026666667
2014-06-01,237.231,105.4081,0.035714286,3.53298,0.230945238,-9.53327,6.1,3.468095238,2.572380952,2.598571429,1.52236,1.679047619,0.452380952,0.104761905,0.024285714
2014-07-01,237.498,105.6157,0.026363636,-2.07959,0.234173913,19.09989,6.2,3.459130435,2.548695652,2.542272727,-6.75111,1.699545455,0.506363636,0.111363636,0.024090909
2014-08-01,237.46,105.4986,0.032857143,-6.80568,0.23465,-9.30876,6.1,3.441363636,2.485454545,2.42,-10.29652,1.631428571,0.472380952,0.107142857,0.03
2014-09-01,237.477,105.8138,0.02,-3.44935,0.234031818,3.96341,5.9,3.537727273,2.588636364,2.534285714,8.07676,1.773809524,0.566666667,0.10952381,0.011428571
2014-10-01,237.43,105.8357,0.016818182,-9.45178,0.231376087,4.98534,5.7,3.498695652,2.525217391,2.304090909,-18.30755,1.545909091,0.445454545,0.104545455,0.020909091
2014-11-01,236.983,106.6634,0.021666667,-10.20142,0.2328625,-6.79702,5.8,3.628095238,2.563333333,2.325555556,0.65223,1.620555556,0.527222222,0.134444444,0.041666667
2014-12-01,236.252,106.5085,0.029090909,-21.77068,0.244607143,7.19281,5.6,3.784545455,2.511363636,2.207272727,-20.81382,1.64,0.635454545,0.214545455,0.025
2015-01-01,234.747,105.9806,0.0275,-20.35756,0.254319048,1.11836,5.7,3.642380952,2.258571429,1.8815,-45.65385,1.3745,0.5515,0.1955,0.018
2015-02-01,235.342,105.4425,0.017894737,7.11563,0.25842,-18.34101,5.5,3.651428571,2.331904762,1.975263158,17.54971,1.472631579,0.618947368,0.224210526,0.017894737
2015-03-01,235.976,105.1464,0.027727273,-5.4567,0.268297727,8.35214,5.4,3.564090909,2.523181818,2.042727273,11.31513,1.519090909,0.640454545,0.253636364,0.022727273
2015-04-01,236.222,104.5272,0.023181818,13.86449,0.27596,23.95833,5.4,3.412857143,2.396190476,1.935,-18.46158,1.354545455,0.54,0.233636364,0.018181818
2015-05-01,237.001,104.0742,0.0165,8.85216,0.279536842,-9.32773,5.6,3.629047619,2.624761905,2.1975,65.12634,1.5385,0.609,0.241,0.013
2015-06-01,237.657,103.7174,0.015,0.92796,0.282711364,11.67748,5.3,3.849090909,2.827727273,2.363636364,21.10836,1.683636364,0.688636364,0.275454545,0.007727273
2015-07-01,238.034,104.3243,0.032272727,-14.9114,0.290669565,-4.89627,5.2,3.904782609,2.822608696,2.324545455,-4.01617,1.632272727,0.667727273,0.296818182,0.03
2015-08-01,238.033,104.1621,0.071904762,-15.77603,0.3207975,-1.39616,5.1,3.997619048,2.778571429,2.167142857,-26.88246,1.541428571,0.697619048,0.375714286,0.035238095
2015-09-01,237.498,103.7768,0.024285714,6.08817,0.331111364,8.31858,5,4.066363636,2.762272727,2.172857143,-1.74429,1.49,0.713333333,0.373333333,0.008571429
2015-10-01,237.733,103.3976,0.016666667,1.62709,0.321359091,-13.56209,5,4.036521739,2.635652174,2.07,-14.86377,1.385714286,0.644761905,0.263333333,0.014285714
2015-11-01,238.017,102.6866,0.126315789,-8.17828,0.370971429,10.77505,5.1,4.163333333,2.782857143,2.263157895,24.04154,1.671052632,0.884736842,0.476842105,0.071052632
2015-12-01,237.761,102.1014,0.228636364,-12.37041,0.533235714,-2.21843,5,4.316818182,2.819545455,2.242727273,-17.08457,1.698636364,0.982727273,0.653636364,0.171818182
2016-01-01,237.827,102.9525,0.257368421,-14.81581,0.6195525,-3.75218,4.9,4.413333333,2.732380952,2.085263158,-30.84603,1.518421053,0.899473684,0.543157895,0.227368421
2016-02-01,237.514,102.2225,0.3145,-4.29293,0.622719048,9.06618,4.9,4.459047619,2.60047619,1.7795,-65.22004,1.222,0.7335,0.534,0.256
2016-03-01,237.99,101.4155,0.297272727,23.84565,0.632,-7.39817,5,4.155,2.555909091,1.889090909,45.10294,1.375909091,0.875,0.656363636,0.253181818
2016-04-01,238.835,101.5167,0.228095238,8.52197,0.63275,3.94973,5,3.756818182,2.425909091,1.805238095,-37.29947,1.258095238,0.768095238,0.555714286,0.187619048
2016-05-01,239.44,101.4298,0.276666667,14.62577,0.6447725,-2.33161,4.8,3.686818182,2.512727273,1.806190476,-4.9459,1.30047619,0.816190476,0.591428571,0.226190476
2016-06-01,240.144,101.8747,0.272727273,4.38878,0.651620455,6.1008,4.9,3.543636364,2.434545455,1.644090909,-146.22186,1.166363636,0.731363636,0.552272727,0.221363636
2016-07-01,240.111,102.1325,0.301,-8.42904,0.696309524,3.75,4.8,3.329545455,2.303181818,1.504,272.58204,1.0715,0.6725,0.5135,0.2635
2016-08-01,240.595,102.0407,0.299565217,0.15677,0.810223182,-7.22892,4.9,3.276086957,2.339565217,1.556521739,-14.54477,1.133043478,0.737391304,0.56826087,0.260869565
2016-09-01,241.068,102.0477,0.294285714,1.02862,0.849680455,-7.18615,5,3.298181818,2.480454545,1.63047619,-33.26467,1.178095238,0.770952381,0.593333333,0.191428571
2016-10-01,241.641,102.2485,0.3315,10.1815,0.878682857,23.22761,4.9,3.347619048,2.555238095,1.7645,-91.59736,1.272,0.843,0.6595,0.244
2016-11-01,241.993,102.0507,0.4525,-8.27642,0.908464091,-12.94474,4.7,3.672727273,2.861363636,2.142,-4331.38202,1.596,0.9795,0.736,0.3
2016-12-01,242.712,102.9281,0.511904762,13.81954,0.9753285,10.17391,4.7,3.859090909,3.108636364,2.491904762,91.92961,1.959047619,1.196666667,0.866190476,0.423333333
2017-01-01,243.717,103.0366,0.519,1.01982,1.025692857,-4.81452,4.7,3.75,3.033333333,2.4325,-10.80075,1.9165,1.2065,0.8255,0.496
2017-02-01,244.028,102.6479,0.526315789,1.84762,1.0445965,6.30182,4.6,3.7035,3.0345,2.418947368,-1.40683,1.901578947,1.201052632,0.820526316,0.482105263
2017-03-01,243.721,103.343,0.747826087,-7.74266,1.134713043,-7.4883,4.4,3.764782609,3.134782609,2.48173913,-2.40948,2.013478261,1.313043478,1.010434783,0.662608696
2017-04-01,244.058,104.2721,0.808421053,3.50699,1.159030556,-3.03541,4.4,3.6395,2.987,2.297368421,-30.51133,1.824210526,1.241052632,1.042105263,0.745789474
2017-05-01,243.926,104.4129,0.903181818,-5.05288,1.185849524,-2.34783,4.4,3.592173913,2.974782609,2.303636364,-6.78328,1.836818182,1.301818182,1.122727273,0.728181818
2017-06-01,244.179,104.5849,0.999090909,-6.80693,1.262409545,10.68566,4.3,3.501363636,2.868181818,2.186818182,-43.18836,1.774090909,1.342272727,1.200909091,0.841363636
2017-07-01,244.328,104.5427,1.0865,3.20938,1.307512857,-2.89622,4.3,3.521904762,2.89047619,2.318,56.11803,1.872,1.3725,1.2235,0.972
2017-08-01,245.304,104.0475,1.032173913,3.0238,1.314176818,-3.6454,4.4,3.465652174,2.836086957,2.209130435,-25.14738,1.776521739,1.335217391,1.229130435,0.979565217
2017-09-01,246.445,104.0502,1.0465,3.70525,1.323295714,0.94583,4.2,3.465454545,2.838636364,2.202,-21.33804,1.7975,1.3845,1.28,0.994
2017-10-01,246.57,105.6287,1.093333333,3.53272,1.360793182,6.98467,4.1,3.499090909,2.871818182,2.36,40.11596,1.980952381,1.54952381,1.397619048,0.995714286
2017-11-01,247.333,106.193,1.25047619,9.81,1.434204091,3.50318,4.2,3.564090909,2.922727273,2.353333333,-24.94476,2.05,1.696666667,1.56,1.09
2017-12-01,247.847,106.536,1.3415,2.18927,1.601752105,-7.76923,4.1,3.594285714,2.954761905,2.4025,-13.51452,2.182,1.844,1.7005,1.204
2018-01-01,248.816,106.2655,1.432380952,10.05529,1.733970909,9.59133,4.1,3.677272727,3.079545455,2.583809524,50.06687,2.381904762,2.031904762,1.802857143,1.3
2018-02-01,249.475,106.6419,1.587894737,-2.30769,1.874672,-1.97869,4.1,3.9365,3.3125,2.858947368,77.69369,2.599473684,2.175263158,1.963684211,1.380526316
2018-03-01,249.413,107.2519,1.726666667,0.80347,2.173357619,3.64907,4,4.088181818,3.402727273,2.842380952,-10.95608,2.62952381,2.275714286,2.062857143,1.636666667
2018-04-01,249.957,108.2223,1.788095238,5.61135,2.349426,-4.94382,4,4.172380952,3.44,2.869047619,-11.20417,2.701904762,2.384285714,2.153809524,1.66047619
2018-05-01,250.64,107.3639,1.899545455,5.63019,2.335608571,5.12214,3.8,4.33173913,3.531304348,2.977727273,15.73679,2.816818182,2.511818182,2.273636364,1.706818182
2018-06-01,251.176,108.1707,1.935238095,-3.01515,2.330264286,-10.7946,4,4.386363636,3.512727273,2.912380952,-16.46155,2.775714286,2.533333333,2.328095238,1.805238095
2018-07-01,251.482,108.652,1.994761905,4.58229,2.339118182,0.42017,3.8,4.366363636,3.485909091,2.889047619,-19.66657,2.777619048,2.606666667,2.387619048,1.893333333
2018-08-01,251.905,109.5246,2.072608696,-4.11383,2.323575,7.11297,3.8,4.322608696,3.456086957,2.889130435,-8.54771,2.767826087,2.635652174,2.445652174,1.940869565
2018-09-01,252.261,109.6749,2.165263158,3.18836,2.349427,-2.65625,3.7,4.411428571,3.576190476,3.004210526,16.98583,2.893684211,2.767894737,2.557894737,2.036842105
2018-10-01,252.777,109.9165,2.293181818,0.74042,2.460626522,-3.13002,3.8,4.563478261,3.735652174,3.152272727,31.90887,3.000454545,2.860909091,2.651818182,2.173636364
2018-11-01,252.662,110.5067,2.374,-19.49117,2.649184091,-0.24855,3.7,4.731818182,3.766818182,3.117,-8.31933,2.947,2.859,2.6985,2.2405
2018-12-01,252.653,110.5516,2.412105263,-13.0618,2.787742105,-7.22591,3.9,4.7335,3.603,2.832631579,-60.51286,2.681578947,2.676315789,2.655263158,2.365789474
2019-01-01,252.55,110.1185,2.423809524,3.75606,2.774177727,13.87645,4,4.601818182,3.469090909,2.713809524,-40.85395,2.536190476,2.543333333,2.57952381,2.40047619
2019-02-01,253.181,109.5631,2.437894737,6.94823,2.676678,-10.61321,3.8,4.3655,3.338,2.676315789,-15.19112,2.487894737,2.504210526,2.549473684,2.425263158
2019-03-01,254.095,109.6811,2.453809524,5.82348,2.605674762,5.80475,3.8,4.193636364,3.299090909,2.570952381,-74.81202,2.372857143,2.40952381,2.490952381,2.454285714
2019-04-01,254.943,108.9888,2.432857143,9.81943,2.5895395,5.32003,3.6,4.045714286,3.235238095,2.532380952,0.43103,2.333333333,2.344761905,2.424761905,2.425714286
2019-05-01,255.167,109.2264,2.403181818,-4.74475,2.531680952,0.07893,3.6,3.956521739,3.161304348,2.395,-348.19146,2.187727273,2.206363636,2.340454545,2.396363636
2019-06-01,255.402,109.2774,2.2195,-10.14302,2.3974965,-2.60252,3.7,3.701428571,2.867619048,2.074,318.23284,1.825,1.814,1.995,2.222
2019-07-01,256.087,109.0852,2.145,4.92133,2.293654348,-1.86235,3.7,3.562272727,2.787272727,2.059090909,10.0878,1.828181818,1.835,1.962272727,2.153181818
2019-08-01,256.294,109.8543,1.990454545,-4.42895,2.16479381,13.61386,3.7,3.298695652,2.453913043,1.626363636,141.50024,1.486818182,1.571363636,1.772272727,2.067727273
2019-09-01,256.593,109.4725,1.9345,3.9044,2.125182381,-7.48003,3.5,3.315714286,2.506190476,1.6995,-4.3997,1.565,1.648,1.796,1.986
2019-10-01,257.229,109.027,1.678636364,-5.25022,1.977421304,5.18053,3.6,3.27,2.48,1.706818182,-9.60242,1.525,1.551363636,1.608181818,1.725454545
2019-11-01,257.824,110.0388,1.572105263,5.6894,1.904811905,2.31343,3.5,3.274761905,2.536666667,1.812105263,-22.72551,1.639473684,1.612631579,1.567894737,1.583684211
2019-12-01,258.444,109.6527,1.565238095,4.99737,1.9075775,15.75492,3.5,3.216190476,2.535238095,1.862857143,-13.32111,1.682380952,1.613333333,1.549047619,1.551428571
2020-01-01,258.82,109.2128,1.552380952,-3.94122,1.81973,1.89036,3.6,3.069090909,2.448181818,1.757619048,16.97669,1.562380952,1.519047619,1.532857143,1.533333333
2020-02-01,259.05,109.3608,1.544736842,-12.13491,1.678934,-3.09215,3.5,2.9,2.241428571,1.504210526,51.63117,1.323684211,1.331052632,1.405789474,1.576315789
2020-03-01,257.953,104.3554,0.295454545,-42.20419,1.102355455,-19.01723,4.4,4.055454545,2.339545455,0.87,30.98876,0.591818182,0.448181818,0.331818182,0.370454545
2020-04-01,255.902,91.2823,0.138095238,-43.34132,1.0918845,-26.39874,14.7,3.95952381,1.913809524,0.657619048,14.85697,0.388095238,0.224761905,0.184285714,0.11
2020-05-01,255.768,92.5503,0.1275,72.56798,0.404173158,4.28266,13.3,3.318181818,1.804545455,0.674,-0.91991,0.3395,0.1705,0.1615,0.0985
2020-06-01,.,.,0.159545455,33.96359,0.310652381,.,11.1,2.78,1.581363636,0.728636364,-4.43859,0.344545455,0.185,0.176363636,0.13
2020-07-01,.,.,.,.,.,.,.,.,.,.,.,.,.,.,.